study,rater,leaf,actual,unaided,aided
coffee_leaf_rust,1,1,58.76,50,40
coffee_leaf_rust,1,2,3.08,6,3
coffee_leaf_rust,1,3,2.03,4,1.5
coffee_leaf_rust,1,4,43.81,50,35
coffee_leaf_rust,1,5,17.6,13,15
coffee_leaf_rust,1,6,4.01,8,3
coffee_leaf_rust,1,7,0.4,3,0.5
coffee_leaf_rust,1,8,3.83,10,6
coffee_leaf_rust,1,9,14.74,20,15
coffee_leaf_rust,1,10,11.91,15,12
coffee_leaf_rust,1,11,8.73,10,8
coffee_leaf_rust,1,12,20.29,20,15
coffee_leaf_rust,1,13,62.5,70,60
coffee_leaf_rust,1,14,16.07,25,15
coffee_leaf_rust,1,15,2.03,10,4
coffee_leaf_rust,1,16,23.22,25,15
coffee_leaf_rust,1,17,34.16,40,30
coffee_leaf_rust,1,18,6.81,10,5
coffee_leaf_rust,1,19,22.47,15,20
coffee_leaf_rust,1,20,5.11,12,5
coffee_leaf_rust,1,21,1.76,8,2
coffee_leaf_rust,1,22,2.5,11,5
coffee_leaf_rust,1,23,24.35,40,18
coffee_leaf_rust,1,24,30.96,45,30
coffee_leaf_rust,1,25,0.65,5,1
coffee_leaf_rust,1,26,2.35,7,2.7
coffee_leaf_rust,1,27,0.6,2,0.5
coffee_leaf_rust,1,28,39,50,50
coffee_leaf_rust,1,29,7.49,10,12
coffee_leaf_rust,1,30,13.4,15,10
coffee_leaf_rust,1,31,0.5,3,1
coffee_leaf_rust,1,32,1.01,4,2.7
coffee_leaf_rust,1,33,35,50,50
coffee_leaf_rust,1,34,0.26,2,0.2
coffee_leaf_rust,1,35,3.01,4,1
coffee_leaf_rust,1,36,1.51,3,1
coffee_leaf_rust,1,37,5.76,8,5
coffee_leaf_rust,1,38,0.74,6,0.8
coffee_leaf_rust,1,39,10.04,11,6
coffee_leaf_rust,1,40,1.29,5,2
coffee_leaf_rust,2,1,58.76,50,40
coffee_leaf_rust,2,2,3.08,5,10
coffee_leaf_rust,2,3,2.03,1,4
coffee_leaf_rust,2,4,43.81,60,21
coffee_leaf_rust,2,5,17.6,15,10
coffee_leaf_rust,2,6,4.01,5,5
coffee_leaf_rust,2,7,0.4,2,1
coffee_leaf_rust,2,8,3.83,10,3
coffee_leaf_rust,2,9,14.74,20,13
coffee_leaf_rust,2,10,11.91,10,10
coffee_leaf_rust,2,11,8.73,8,8
coffee_leaf_rust,2,12,20.29,30,15
coffee_leaf_rust,2,13,62.5,80,65
coffee_leaf_rust,2,14,16.07,15,20
coffee_leaf_rust,2,15,2.03,7,5
coffee_leaf_rust,2,16,23.22,18,10
coffee_leaf_rust,2,17,34.16,25,30
coffee_leaf_rust,2,18,6.81,8,10
coffee_leaf_rust,2,19,22.47,30,15
coffee_leaf_rust,2,20,5.11,10,10
coffee_leaf_rust,2,21,1.76,8,7
coffee_leaf_rust,2,22,2.5,5,3
coffee_leaf_rust,2,23,24.35,40,30
coffee_leaf_rust,2,24,30.96,50,25
coffee_leaf_rust,2,25,0.65,2,1
coffee_leaf_rust,2,26,2.35,8,1.5
coffee_leaf_rust,2,27,0.6,1,0.2
coffee_leaf_rust,2,28,39,70,30
coffee_leaf_rust,2,29,7.49,15,8
coffee_leaf_rust,2,30,13.4,20,12
coffee_leaf_rust,2,31,0.5,3,0.8
coffee_leaf_rust,2,32,1.01,4,0.5
coffee_leaf_rust,2,33,35,60,3.5
coffee_leaf_rust,2,34,0.26,1,0.2
coffee_leaf_rust,2,35,3.01,2,0.8
coffee_leaf_rust,2,36,1.51,3,0.5
coffee_leaf_rust,2,37,5.76,10,5
coffee_leaf_rust,2,38,0.74,2,1
coffee_leaf_rust,2,39,10.04,15,8
coffee_leaf_rust,2,40,1.29,5,2
coffee_leaf_rust,3,1,58.76,47,40
coffee_leaf_rust,3,2,3.08,10,9
coffee_leaf_rust,3,3,2.03,5,4
coffee_leaf_rust,3,4,43.81,52,40
coffee_leaf_rust,3,5,17.6,20,18
coffee_leaf_rust,3,6,4.01,15,7
coffee_leaf_rust,3,7,0.4,1.5,0.6
coffee_leaf_rust,3,8,3.83,2.5,6
coffee_leaf_rust,3,9,14.74,17,16
coffee_leaf_rust,3,10,11.91,10,10
coffee_leaf_rust,3,11,8.73,12,11
coffee_leaf_rust,3,12,20.29,20,14
coffee_leaf_rust,3,13,62.5,80,65
coffee_leaf_rust,3,14,16.07,25,14
coffee_leaf_rust,3,15,2.03,10,4
coffee_leaf_rust,3,16,23.22,25,15
coffee_leaf_rust,3,17,34.16,40,35
coffee_leaf_rust,3,18,6.81,10,8
coffee_leaf_rust,3,19,22.47,18,26
coffee_leaf_rust,3,20,5.11,20,10
coffee_leaf_rust,3,21,1.76,9,4
coffee_leaf_rust,3,22,2.5,9,5
coffee_leaf_rust,3,23,24.35,30,15
coffee_leaf_rust,3,24,30.96,35,30
coffee_leaf_rust,3,25,0.65,3,0.5
coffee_leaf_rust,3,26,2.35,5,2.8
coffee_leaf_rust,3,27,0.6,1.5,0.6
coffee_leaf_rust,3,28,39,70,50
coffee_leaf_rust,3,29,7.49,12,9
coffee_leaf_rust,3,30,13.4,17,15
coffee_leaf_rust,3,31,0.5,2,1
coffee_leaf_rust,3,32,1.01,1.5,1.5
coffee_leaf_rust,3,33,35,45,40
coffee_leaf_rust,3,34,0.26,1,0.2
coffee_leaf_rust,3,35,3.01,3,2.5
coffee_leaf_rust,3,36,1.51,2,3.5
coffee_leaf_rust,3,37,5.76,5,7
coffee_leaf_rust,3,38,0.74,2,3
coffee_leaf_rust,3,39,10.04,7,10
coffee_leaf_rust,3,40,1.29,4,4
coffee_leaf_rust,4,1,58.76,50,50
coffee_leaf_rust,4,2,3.08,7,2.7
coffee_leaf_rust,4,3,2.03,2,1
coffee_leaf_rust,4,4,43.81,54,35
coffee_leaf_rust,4,5,17.6,10,15
coffee_leaf_rust,4,6,4.01,5,5
coffee_leaf_rust,4,7,0.4,1,1
coffee_leaf_rust,4,8,3.83,14,4
coffee_leaf_rust,4,9,14.74,20,15
coffee_leaf_rust,4,10,11.91,15,10
coffee_leaf_rust,4,11,8.73,8,7
coffee_leaf_rust,4,12,20.29,25,15
coffee_leaf_rust,4,13,62.5,65,45
coffee_leaf_rust,4,14,16.07,15,10
coffee_leaf_rust,4,15,2.03,5,3
coffee_leaf_rust,4,16,23.22,20,12
coffee_leaf_rust,4,17,34.16,30,30
coffee_leaf_rust,4,18,6.81,12,9
coffee_leaf_rust,4,19,22.47,17,21
coffee_leaf_rust,4,20,5.11,15,5
coffee_leaf_rust,4,21,1.76,10,2.5
coffee_leaf_rust,4,22,2.5,6,2
coffee_leaf_rust,4,23,24.35,37,14
coffee_leaf_rust,4,24,30.96,43,30
coffee_leaf_rust,4,25,0.65,1,1
coffee_leaf_rust,4,26,2.35,4,3
coffee_leaf_rust,4,27,0.6,1,0.5
coffee_leaf_rust,4,28,39,68,40
coffee_leaf_rust,4,29,7.49,20,10
coffee_leaf_rust,4,30,13.4,19,12
coffee_leaf_rust,4,31,0.5,2,0.5
coffee_leaf_rust,4,32,1.01,5,1
coffee_leaf_rust,4,33,35,60,35
coffee_leaf_rust,4,34,0.26,0.5,0.5
coffee_leaf_rust,4,35,3.01,5,2.5
coffee_leaf_rust,4,36,1.51,4,1
coffee_leaf_rust,4,37,5.76,10,10
coffee_leaf_rust,4,38,0.74,4,1
coffee_leaf_rust,4,39,10.04,15,8
coffee_leaf_rust,4,40,1.29,5,1.5
coffee_leaf_rust,5,1,58.76,45,25
coffee_leaf_rust,5,2,3.08,5,3
coffee_leaf_rust,5,3,2.03,2,1
coffee_leaf_rust,5,4,43.81,47,50
coffee_leaf_rust,5,5,17.6,15,7
coffee_leaf_rust,5,6,4.01,5,1
coffee_leaf_rust,5,7,0.4,0.1,0.2
coffee_leaf_rust,5,8,3.83,5,2.5
coffee_leaf_rust,5,9,14.74,15,12
coffee_leaf_rust,5,10,11.91,10,7
coffee_leaf_rust,5,11,8.73,5,5
coffee_leaf_rust,5,12,20.29,20,15
coffee_leaf_rust,5,13,62.5,80,55
coffee_leaf_rust,5,14,16.07,15,7
coffee_leaf_rust,5,15,2.03,7,3
coffee_leaf_rust,5,16,23.22,10,10
coffee_leaf_rust,5,17,34.16,25,15
coffee_leaf_rust,5,18,6.81,5,3
coffee_leaf_rust,5,19,22.47,15,10
coffee_leaf_rust,5,20,5.11,7,5
coffee_leaf_rust,5,21,1.76,2,3
coffee_leaf_rust,5,22,2.5,2.5,2.7
coffee_leaf_rust,5,23,24.35,20,20
coffee_leaf_rust,5,24,30.96,35,22
coffee_leaf_rust,5,25,0.65,1,0.2
coffee_leaf_rust,5,26,2.35,2,1
coffee_leaf_rust,5,27,0.6,0.2,0.1
coffee_leaf_rust,5,28,39,45,35
coffee_leaf_rust,5,29,7.49,10,2.8
coffee_leaf_rust,5,30,13.4,15,7
coffee_leaf_rust,5,31,0.5,0.2,0.2
coffee_leaf_rust,5,32,1.01,0.5,0.7
coffee_leaf_rust,5,33,35,40,40
coffee_leaf_rust,5,34,0.26,0.1,0.1
coffee_leaf_rust,5,35,3.01,0.5,0.8
coffee_leaf_rust,5,36,1.51,0.2,0.7
coffee_leaf_rust,5,37,5.76,5,2.5
coffee_leaf_rust,5,38,0.74,1,1.5
coffee_leaf_rust,5,39,10.04,5,3
coffee_leaf_rust,5,40,1.29,0.5,1
coffee_leaf_rust,6,1,58.76,35,45
coffee_leaf_rust,6,2,3.08,4,4
coffee_leaf_rust,6,3,2.03,6,2
coffee_leaf_rust,6,4,43.81,60,35
coffee_leaf_rust,6,5,17.6,15,15
coffee_leaf_rust,6,6,4.01,8,4
coffee_leaf_rust,6,7,0.4,4,0.5
coffee_leaf_rust,6,8,3.83,10,5
coffee_leaf_rust,6,9,14.74,30,12
coffee_leaf_rust,6,10,11.91,30,10
coffee_leaf_rust,6,11,8.73,15,8
coffee_leaf_rust,6,12,20.29,30,13
coffee_leaf_rust,6,13,62.5,60,60
coffee_leaf_rust,6,14,16.07,15,15
coffee_leaf_rust,6,15,2.03,6,6
coffee_leaf_rust,6,16,23.22,35,20
coffee_leaf_rust,6,17,34.16,45,35
coffee_leaf_rust,6,18,6.81,12,5
coffee_leaf_rust,6,19,22.47,15,22
coffee_leaf_rust,6,20,5.11,8,8
coffee_leaf_rust,6,21,1.76,5,4
coffee_leaf_rust,6,22,2.5,10,5
coffee_leaf_rust,6,23,24.35,35,30
coffee_leaf_rust,6,24,30.96,35,35
coffee_leaf_rust,6,25,0.65,3,1
coffee_leaf_rust,6,26,2.35,3,4
coffee_leaf_rust,6,27,0.6,1,0.5
coffee_leaf_rust,6,28,39,60,50
coffee_leaf_rust,6,29,7.49,20,9
coffee_leaf_rust,6,30,13.4,10,8
coffee_leaf_rust,6,31,0.5,3,0.5
coffee_leaf_rust,6,32,1.01,3,1
coffee_leaf_rust,6,33,35,50,40
coffee_leaf_rust,6,34,0.26,1,0.5
coffee_leaf_rust,6,35,3.01,4,2
coffee_leaf_rust,6,36,1.51,3,2
coffee_leaf_rust,6,37,5.76,10,5
coffee_leaf_rust,6,38,0.74,4,3
coffee_leaf_rust,6,39,10.04,10,5
coffee_leaf_rust,6,40,1.29,6,3
coffee_leaf_rust,7,1,58.76,52,48.00
coffee_leaf_rust,7,2,3.08,7,2.90
coffee_leaf_rust,7,3,2.03,4,1.00
coffee_leaf_rust,7,4,43.81,62,38.00
coffee_leaf_rust,7,5,17.6,18,9.00
coffee_leaf_rust,7,6,4.01,11,4.20
coffee_leaf_rust,7,7,0.4,2,0.80
coffee_leaf_rust,7,8,3.83,14,6.00
coffee_leaf_rust,7,9,14.74,26,19.00
coffee_leaf_rust,7,10,11.91,22,8.50
coffee_leaf_rust,7,11,8.73,23,7.60
coffee_leaf_rust,7,12,20.29,36,19.00
coffee_leaf_rust,7,13,62.5,95,69.00
coffee_leaf_rust,7,14,16.07,26,13.00
coffee_leaf_rust,7,15,2.03,19,8.00
coffee_leaf_rust,7,16,23.22,21,16.00
coffee_leaf_rust,7,17,34.16,36,26.00
coffee_leaf_rust,7,18,6.81,15,8.80
coffee_leaf_rust,7,19,22.47,21,18.00
coffee_leaf_rust,7,20,5.11,13,12.00
coffee_leaf_rust,7,21,1.76,9,6.80
coffee_leaf_rust,7,22,2.5,7,7.20
coffee_leaf_rust,7,23,24.35,28,33.00
coffee_leaf_rust,7,24,30.96,38,41.00
coffee_leaf_rust,7,25,0.65,4,2.10
coffee_leaf_rust,7,26,2.35,6,5.20
coffee_leaf_rust,7,27,0.6,2,0.70
coffee_leaf_rust,7,28,39,62,52.00
coffee_leaf_rust,7,29,7.49,21,14.00
coffee_leaf_rust,7,30,13.4,24,18.00
coffee_leaf_rust,7,31,0.5,3,2.10
coffee_leaf_rust,7,32,1.01,4,2.80
coffee_leaf_rust,7,33,35,75,48.00
coffee_leaf_rust,7,34,0.26,1,0.50
coffee_leaf_rust,7,35,3.01,9,4.20
coffee_leaf_rust,7,36,1.51,3,2.70
coffee_leaf_rust,7,37,5.76,18,7.20
coffee_leaf_rust,7,38,0.74,3,1.80
coffee_leaf_rust,7,39,10.04,12,7.20
coffee_leaf_rust,7,40,1.29,4,3.10
coffee_leaf_rust,8,1,58.76,58,52
coffee_leaf_rust,8,2,3.08,2,3
coffee_leaf_rust,8,3,2.03,1,2
coffee_leaf_rust,8,4,43.81,42,25
coffee_leaf_rust,8,5,17.6,12,8
coffee_leaf_rust,8,6,4.01,5,5
coffee_leaf_rust,8,7,0.4,0.5,0.6
coffee_leaf_rust,8,8,3.83,5,5
coffee_leaf_rust,8,9,14.74,20,12
coffee_leaf_rust,8,10,11.91,8,9
coffee_leaf_rust,8,11,8.73,6,6
coffee_leaf_rust,8,12,20.29,18,18
coffee_leaf_rust,8,13,62.5,62,42
coffee_leaf_rust,8,14,16.07,8,12
coffee_leaf_rust,8,15,2.03,3,5
coffee_leaf_rust,8,16,23.22,10,15
coffee_leaf_rust,8,17,34.16,35,18
coffee_leaf_rust,8,18,6.81,4,6
coffee_leaf_rust,8,19,22.47,12,12
coffee_leaf_rust,8,20,5.11,5,8
coffee_leaf_rust,8,21,1.76,2,2
coffee_leaf_rust,8,22,2.5,4,3
coffee_leaf_rust,8,23,24.35,16,25
coffee_leaf_rust,8,24,30.96,22,30
coffee_leaf_rust,8,25,0.65,1,1.2
coffee_leaf_rust,8,26,2.35,0.8,3
coffee_leaf_rust,8,27,0.6,0.3,0.5
coffee_leaf_rust,8,28,39,38,28
coffee_leaf_rust,8,29,7.49,8,8
coffee_leaf_rust,8,30,13.4,10,10
coffee_leaf_rust,8,31,0.5,1,1
coffee_leaf_rust,8,32,1.01,2,2
coffee_leaf_rust,8,33,35,28,30
coffee_leaf_rust,8,34,0.26,0.5,0.1
coffee_leaf_rust,8,35,3.01,2,2
coffee_leaf_rust,8,36,1.51,1.5,1.2
coffee_leaf_rust,8,37,5.76,5,6
coffee_leaf_rust,8,38,0.74,2,3
coffee_leaf_rust,8,39,10.04,8,8
coffee_leaf_rust,8,40,1.29,1.3,2
coffee_leaf_rust,9,1,58.76,60,40.00
coffee_leaf_rust,9,2,3.08,5,4.50
coffee_leaf_rust,9,3,2.03,1,1.50
coffee_leaf_rust,9,4,43.81,70,48.00
coffee_leaf_rust,9,5,17.6,10,12.00
coffee_leaf_rust,9,6,4.01,2,4.00
coffee_leaf_rust,9,7,0.4,0.5,0.50
coffee_leaf_rust,9,8,3.83,8,4.00
coffee_leaf_rust,9,9,14.74,40,18.00
coffee_leaf_rust,9,10,11.91,25,11.00
coffee_leaf_rust,9,11,8.73,20,7.00
coffee_leaf_rust,9,12,20.29,40,22.00
coffee_leaf_rust,9,13,62.5,83,70.00
coffee_leaf_rust,9,14,16.07,18,14.00
coffee_leaf_rust,9,15,2.03,7,4.00
coffee_leaf_rust,9,16,23.22,22,13.00
coffee_leaf_rust,9,17,34.16,38,12.00
coffee_leaf_rust,9,18,6.81,9,10.00
coffee_leaf_rust,9,19,22.47,33,15.00
coffee_leaf_rust,9,20,5.11,12,12.00
coffee_leaf_rust,9,21,1.76,10,2.50
coffee_leaf_rust,9,22,2.5,7,3.00
coffee_leaf_rust,9,23,24.35,28,16.00
coffee_leaf_rust,9,24,30.96,47,29
coffee_leaf_rust,9,25,0.65,2,2.5
coffee_leaf_rust,9,26,2.35,6,4
coffee_leaf_rust,9,27,0.6,1,1
coffee_leaf_rust,9,28,39,71,29.00
coffee_leaf_rust,9,29,7.49,18,10.00
coffee_leaf_rust,9,30,13.4,22,8.00
coffee_leaf_rust,9,31,0.5,4,1.50
coffee_leaf_rust,9,32,1.01,7,2.10
coffee_leaf_rust,9,33,35,49,50.00
coffee_leaf_rust,9,34,0.26,1,0.50
coffee_leaf_rust,9,35,3.01,7,1.00
coffee_leaf_rust,9,36,1.51,5,1.30
coffee_leaf_rust,9,37,5.76,11,4.80
coffee_leaf_rust,9,38,0.74,8,2.00
coffee_leaf_rust,9,39,10.04,13,6.00
coffee_leaf_rust,9,40,1.29,3,2.30
coffee_leaf_rust,10,1,58.76,25,27
coffee_leaf_rust,10,2,3.08,2,2.5
coffee_leaf_rust,10,3,2.03,1.3,1.7
coffee_leaf_rust,10,4,43.81,50,45
coffee_leaf_rust,10,5,17.6,15,8
coffee_leaf_rust,10,6,4.01,5,3
coffee_leaf_rust,10,7,0.4,0.2,0.3
coffee_leaf_rust,10,8,3.83,2,2.9
coffee_leaf_rust,10,9,14.74,15,17
coffee_leaf_rust,10,10,11.91,8,13
coffee_leaf_rust,10,11,8.73,6,12
coffee_leaf_rust,10,12,20.29,18,15
coffee_leaf_rust,10,13,62.5,80,62
coffee_leaf_rust,10,14,16.07,15,7.5
coffee_leaf_rust,10,15,2.03,5,3
coffee_leaf_rust,10,16,23.22,25,16
coffee_leaf_rust,10,17,34.16,35,18
coffee_leaf_rust,10,18,6.81,5,4.2
coffee_leaf_rust,10,19,22.47,15,11
coffee_leaf_rust,10,20,5.11,5,3.5
coffee_leaf_rust,10,21,1.76,2,2.8
coffee_leaf_rust,10,22,2.5,3,3
coffee_leaf_rust,10,23,24.35,25,25
coffee_leaf_rust,10,24,30.96,35,27
coffee_leaf_rust,10,25,0.65,2,1.2
coffee_leaf_rust,10,26,2.35,1.5,2.5
coffee_leaf_rust,10,27,0.6,1,0.9
coffee_leaf_rust,10,28,39,70,35
coffee_leaf_rust,10,29,7.49,8,7
coffee_leaf_rust,10,30,13.4,10,9.5
coffee_leaf_rust,10,31,0.5,3,7.2
coffee_leaf_rust,10,32,1.01,5,2
coffee_leaf_rust,10,33,35,75,48
coffee_leaf_rust,10,34,0.26,0.5,0.4
coffee_leaf_rust,10,35,3.01,3,3
coffee_leaf_rust,10,36,1.51,3,2.7
coffee_leaf_rust,10,37,5.76,10,8
coffee_leaf_rust,10,38,0.74,2.5,1
coffee_leaf_rust,10,39,10.04,8,5
coffee_leaf_rust,10,40,1.29,4,3
coffee_leaf_rust,11,1,58.76,50,50.00
coffee_leaf_rust,11,2,3.08,5,2.70
coffee_leaf_rust,11,3,2.03,0.5,27.00
coffee_leaf_rust,11,4,43.81,50,35.00
coffee_leaf_rust,11,5,17.6,10,10.00
coffee_leaf_rust,11,6,4.01,5,2.70
coffee_leaf_rust,11,7,0.4,0.5,0.50
coffee_leaf_rust,11,8,3.83,10,5.00
coffee_leaf_rust,11,9,14.74,20,21.00
coffee_leaf_rust,11,10,11.91,15,10.00
coffee_leaf_rust,11,11,8.73,15,5.00
coffee_leaf_rust,11,12,20.29,20,21.00
coffee_leaf_rust,11,13,62.5,80,68.00
coffee_leaf_rust,11,14,16.07,15,15.00
coffee_leaf_rust,11,15,2.03,10,5.00
coffee_leaf_rust,11,16,23.22,20,15.00
coffee_leaf_rust,11,17,34.16,30,35.00
coffee_leaf_rust,11,18,6.81,10,5.00
coffee_leaf_rust,11,19,22.47,20,15.00
coffee_leaf_rust,11,20,5.11,10,5.00
coffee_leaf_rust,11,21,1.76,5,5.00
coffee_leaf_rust,11,22,2.5,5,2.70
coffee_leaf_rust,11,23,24.35,20,21.00
coffee_leaf_rust,11,24,30.96,30,35.00
coffee_leaf_rust,11,25,0.65,0.5,1.00
coffee_leaf_rust,11,26,2.35,5,2.70
coffee_leaf_rust,11,27,0.6,0.5,1.00
coffee_leaf_rust,11,28,39,50,50.00
coffee_leaf_rust,11,29,7.49,10,10.00
coffee_leaf_rust,11,30,13.4,10,15.00
coffee_leaf_rust,11,31,0.5,0.5,1.00
coffee_leaf_rust,11,32,1.01,0.5,1.00
coffee_leaf_rust,11,33,35,40,35.00
coffee_leaf_rust,11,34,0.26,0.5,0.50
coffee_leaf_rust,11,35,3.01,5,1.00
coffee_leaf_rust,11,36,1.51,0.5,1.00
coffee_leaf_rust,11,37,5.76,10,5.00
coffee_leaf_rust,11,38,0.74,0.5,2.70
coffee_leaf_rust,11,39,10.04,10,10.00
coffee_leaf_rust,11,40,1.29,5,2.70
coffee_leaf_rust,12,1,58.76,35,50.00
coffee_leaf_rust,12,2,3.08,2,3.00
coffee_leaf_rust,12,3,2.03,1,0.50
coffee_leaf_rust,12,4,43.81,75,10.00
coffee_leaf_rust,12,5,17.6,5,10.00
coffee_leaf_rust,12,6,4.01,2,3.00
coffee_leaf_rust,12,7,0.4,0.5,0.30
coffee_leaf_rust,12,8,3.83,2,5.00
coffee_leaf_rust,12,9,14.74,5,15.00
coffee_leaf_rust,12,10,11.91,5,10.00
coffee_leaf_rust,12,11,8.73,3,7.00
coffee_leaf_rust,12,12,20.29,10,13.00
coffee_leaf_rust,12,13,62.5,100,60.00
coffee_leaf_rust,12,14,16.07,10,8.00
coffee_leaf_rust,12,15,2.03,2,4.00
coffee_leaf_rust,12,16,23.22,15,13.00
coffee_leaf_rust,12,17,34.16,30,30.00
coffee_leaf_rust,12,18,6.81,8,8.00
coffee_leaf_rust,12,19,22.47,12,18.00
coffee_leaf_rust,12,20,5.11,5,5.00
coffee_leaf_rust,12,21,1.76,5,8.00
coffee_leaf_rust,12,22,2.5,2,5.00
coffee_leaf_rust,12,23,24.35,30,20.00
coffee_leaf_rust,12,24,30.96,35,30.00
coffee_leaf_rust,12,25,0.65,0.5,0.50
coffee_leaf_rust,12,26,2.35,1,2.00
coffee_leaf_rust,12,27,0.6,0.2,0.50
coffee_leaf_rust,12,28,39,40,50.00
coffee_leaf_rust,12,29,7.49,5,5.00
coffee_leaf_rust,12,30,13.4,8,10.00
coffee_leaf_rust,12,31,0.5,0.5,0.50
coffee_leaf_rust,12,32,1.01,0.2,0.50
coffee_leaf_rust,12,33,35,60,40.00
coffee_leaf_rust,12,34,0.26,0.1,0.10
coffee_leaf_rust,12,35,3.01,0.2,0.50
coffee_leaf_rust,12,36,1.51,0.2,0.50
coffee_leaf_rust,12,37,5.76,1,2.70
coffee_leaf_rust,12,38,0.74,0.3,1.00
coffee_leaf_rust,12,39,10.04,3,10.00
coffee_leaf_rust,12,40,1.29,0.4,0.50
coffee_leaf_rust,13,1,58.76,60,30.00
coffee_leaf_rust,13,2,3.08,5,5.00
coffee_leaf_rust,13,3,2.03,3,2.00
coffee_leaf_rust,13,4,43.81,70,25.00
coffee_leaf_rust,13,5,17.6,15,12.50
coffee_leaf_rust,13,6,4.01,8,3.00
coffee_leaf_rust,13,7,0.4,2,1.00
coffee_leaf_rust,13,8,3.83,13,8.00
coffee_leaf_rust,13,9,14.74,35,21.00
coffee_leaf_rust,13,10,11.91,25,9.00
coffee_leaf_rust,13,11,8.73,20,12.00
coffee_leaf_rust,13,12,20.29,30,27.00
coffee_leaf_rust,13,13,62.5,85,65.00
coffee_leaf_rust,13,14,16.07,18,15.00
coffee_leaf_rust,13,15,2.03,10,8.00
coffee_leaf_rust,13,16,23.22,27,17.00
coffee_leaf_rust,13,17,34.16,40,30.00
coffee_leaf_rust,13,18,6.81,13,12.00
coffee_leaf_rust,13,19,22.47,34,25.00
coffee_leaf_rust,13,20,5.11,15,10.00
coffee_leaf_rust,13,21,1.76,8,5.00
coffee_leaf_rust,13,22,2.5,10,8.00
coffee_leaf_rust,13,23,24.35,40,30.00
coffee_leaf_rust,13,24,30.96,43,35.00
coffee_leaf_rust,13,25,0.65,5,2.00
coffee_leaf_rust,13,26,2.35,4,4.00
coffee_leaf_rust,13,27,0.6,1,1.00
coffee_leaf_rust,13,28,39,78,45.00
coffee_leaf_rust,13,29,7.49,27,17.00
coffee_leaf_rust,13,30,13.4,22,15.00
coffee_leaf_rust,13,31,0.5,2.5,2.50
coffee_leaf_rust,13,32,1.01,4,3.00
coffee_leaf_rust,13,33,35,65,40.00
coffee_leaf_rust,13,34,0.26,0.5,2.00
coffee_leaf_rust,13,35,3.01,8,4.00
coffee_leaf_rust,13,36,1.51,8.5,3.00
coffee_leaf_rust,13,37,5.76,12.5,8.00
coffee_leaf_rust,13,38,0.74,7,5.00
coffee_leaf_rust,13,39,10.04,22.5,12.00
coffee_leaf_rust,13,40,1.29,7,4.00
coffee_leaf_rust,14,1,58.76,55.00,45.00
coffee_leaf_rust,14,2,3.08,10.00,3.00
coffee_leaf_rust,14,3,2.03,5.00,1.00
coffee_leaf_rust,14,4,43.81,60.00,30.00
coffee_leaf_rust,14,5,17.6,25.00,16.00
coffee_leaf_rust,14,6,4.01,9.00,3.00
coffee_leaf_rust,14,7,0.4,2.00,0.50
coffee_leaf_rust,14,8,3.83,8.00,5.00
coffee_leaf_rust,14,9,14.74,35.00,14.00
coffee_leaf_rust,14,10,11.91,15.00,7.00
coffee_leaf_rust,14,11,8.73,12.00,8.00
coffee_leaf_rust,14,12,20.29,35.00,17.00
coffee_leaf_rust,14,13,62.5,80.00,43.00
coffee_leaf_rust,14,14,16.07,25.00,12.50
coffee_leaf_rust,14,15,2.03,15.00,2.50
coffee_leaf_rust,14,16,23.22,33.00,13.00
coffee_leaf_rust,14,17,34.16,45.00,20.00
coffee_leaf_rust,14,18,6.81,15.00,9.00
coffee_leaf_rust,14,19,22.47,38.00,18.00
coffee_leaf_rust,14,20,5.11,12.00,6.00
coffee_leaf_rust,14,21,1.76,8.00,2.50
coffee_leaf_rust,14,22,2.5,10.00,4.50
coffee_leaf_rust,14,23,24.35,50.00,14.00
coffee_leaf_rust,14,24,30.96,45.00,20.00
coffee_leaf_rust,14,25,0.65,5.00,0.60
coffee_leaf_rust,14,26,2.35,10.00,2.50
coffee_leaf_rust,14,27,0.6,3.00,0.50
coffee_leaf_rust,14,28,39,75.00,33.00
coffee_leaf_rust,14,29,7.49,15.00,12.00
coffee_leaf_rust,14,30,13.4,25.00,11.00
coffee_leaf_rust,14,31,0.5,6.00,0.40
coffee_leaf_rust,14,32,1.01,7.00,0.90
coffee_leaf_rust,14,33,35,75.00,30.00
coffee_leaf_rust,14,34,0.26,2.00,0.10
coffee_leaf_rust,14,35,3.01,9.00,3.00
coffee_leaf_rust,14,36,1.51,5.00,0.90
coffee_leaf_rust,14,37,5.76,15.00,4.50
coffee_leaf_rust,14,38,0.74,5.00,0.80
coffee_leaf_rust,14,39,10.04,20.00,6.00
coffee_leaf_rust,14,40,1.29,9.00,1.20
coffee_leaf_rust,15,1,58.76,48.00,34.00
coffee_leaf_rust,15,2,3.08,5.00,3.00
coffee_leaf_rust,15,3,2.03,1.50,2.00
coffee_leaf_rust,15,4,43.81,55.00,48.00
coffee_leaf_rust,15,5,17.6,27.00,9.00
coffee_leaf_rust,15,6,4.01,6.00,4.50
coffee_leaf_rust,15,7,0.4,1.00,1.00
coffee_leaf_rust,15,8,3.83,15.00,5.00
coffee_leaf_rust,15,9,14.74,40.00,13.00
coffee_leaf_rust,15,10,11.91,35.00,9.80
coffee_leaf_rust,15,11,8.73,13.00,7.00
coffee_leaf_rust,15,12,20.29,42.00,32.00
coffee_leaf_rust,15,13,62.5,85.00,62.00
coffee_leaf_rust,15,14,16.07,22.00,20.00
coffee_leaf_rust,15,15,2.03,10.00,4.00
coffee_leaf_rust,15,16,23.22,30.00,14.00
coffee_leaf_rust,15,17,34.16,51.00,30.00
coffee_leaf_rust,15,18,6.81,16.00,6.00
coffee_leaf_rust,15,19,22.47,36.00,28.00
coffee_leaf_rust,15,20,5.11,14.00,9.00
coffee_leaf_rust,15,21,1.76,13.00,5.00
coffee_leaf_rust,15,22,2.5,9.00,3.00
coffee_leaf_rust,15,23,24.35,51.00,40.00
coffee_leaf_rust,15,24,30.96,47.00,33.00
coffee_leaf_rust,15,25,0.65,2.00,0.90
coffee_leaf_rust,15,26,2.35,4.50,2.50
coffee_leaf_rust,15,27,0.6,1.00,0.50
coffee_leaf_rust,15,28,39,60.00,49.00
coffee_leaf_rust,15,29,7.49,20.00,7.00
coffee_leaf_rust,15,30,13.4,22.00,9.50
coffee_leaf_rust,15,31,0.5,2.00,1.10
coffee_leaf_rust,15,32,1.01,3.00,0.90
coffee_leaf_rust,15,33,35,70.00,37.00
coffee_leaf_rust,15,34,0.26,1.00,0.50
coffee_leaf_rust,15,35,3.01,4.00,2.00
coffee_leaf_rust,15,36,1.51,6.00,1.00
coffee_leaf_rust,15,37,5.76,12.00,5.00
coffee_leaf_rust,15,38,0.74,5.00,2.00
coffee_leaf_rust,15,39,10.04,15.00,8.50
coffee_leaf_rust,15,40,1.29,3.00,1.80
coffee_leaf_rust,16,1,58.76,35,32.00
coffee_leaf_rust,16,2,3.08,8,5.00
coffee_leaf_rust,16,3,2.03,5,2.50
coffee_leaf_rust,16,4,43.81,47,35.00
coffee_leaf_rust,16,5,17.6,21,12.00
coffee_leaf_rust,16,6,4.01,10,4.00
coffee_leaf_rust,16,7,0.4,5,1.00
coffee_leaf_rust,16,8,3.83,18,5.00
coffee_leaf_rust,16,9,14.74,36,15.00
coffee_leaf_rust,16,10,11.91,25,10.00
coffee_leaf_rust,16,11,8.73,12,8.00
coffee_leaf_rust,16,12,20.29,32,30.00
coffee_leaf_rust,16,13,62.5,81,69.00
coffee_leaf_rust,16,14,16.07,28,12.00
coffee_leaf_rust,16,15,2.03,13,5.00
coffee_leaf_rust,16,16,23.22,25,14.00
coffee_leaf_rust,16,17,34.16,42,32.00
coffee_leaf_rust,16,18,6.81,15,8.00
coffee_leaf_rust,16,19,22.47,30,20.00
coffee_leaf_rust,16,20,5.11,14,10.00
coffee_leaf_rust,16,21,1.76,9,5.00
coffee_leaf_rust,16,22,2.5,12,3.00
coffee_leaf_rust,16,23,24.35,31,30.00
coffee_leaf_rust,16,24,30.96,35,26.00
coffee_leaf_rust,16,25,0.65,7,2.50
coffee_leaf_rust,16,26,2.35,16,5.00
coffee_leaf_rust,16,27,0.6,8,2.00
coffee_leaf_rust,16,28,39,38.7,31.00
coffee_leaf_rust,16,29,7.49,20,8.00
coffee_leaf_rust,16,30,13.4,20,12.00
coffee_leaf_rust,16,31,0.5,8,2.00
coffee_leaf_rust,16,32,1.01,7,1.50
coffee_leaf_rust,16,33,35,60,30.00
coffee_leaf_rust,16,34,0.26,2,0.50
coffee_leaf_rust,16,35,3.01,12,4.00
coffee_leaf_rust,16,36,1.51,5,3.00
coffee_leaf_rust,16,37,5.76,14,7.00
coffee_leaf_rust,16,38,0.74,9,2.40
coffee_leaf_rust,16,39,10.04,18,10.00
coffee_leaf_rust,16,40,1.29,13,3.00
coffee_leaf_rust,17,1,58.76,50,35.00
coffee_leaf_rust,17,2,3.08,10,3.00
coffee_leaf_rust,17,3,2.03,5,3.00
coffee_leaf_rust,17,4,43.81,75,30.00
coffee_leaf_rust,17,5,17.6,15,12.00
coffee_leaf_rust,17,6,4.01,5,4.00
coffee_leaf_rust,17,7,0.4,0.5,0.50
coffee_leaf_rust,17,8,3.83,5,2.50
coffee_leaf_rust,17,9,14.74,15,13.00
coffee_leaf_rust,17,10,11.91,10,8.00
coffee_leaf_rust,17,11,8.73,5,7.00
coffee_leaf_rust,17,12,20.29,20,15.00
coffee_leaf_rust,17,13,62.5,75,45.00
coffee_leaf_rust,17,14,16.07,20,12.00
coffee_leaf_rust,17,15,2.03,5,2.50
coffee_leaf_rust,17,16,23.22,5,10.00
coffee_leaf_rust,17,17,34.16,25,25.00
coffee_leaf_rust,17,18,6.81,5,20.00
coffee_leaf_rust,17,19,22.47,30,7.00
coffee_leaf_rust,17,20,5.11,15,3.00
coffee_leaf_rust,17,21,1.76,2,3.00
coffee_leaf_rust,17,22,2.5,5,13.00
coffee_leaf_rust,17,23,24.35,30,22.00
coffee_leaf_rust,17,24,30.96,25,0.70
coffee_leaf_rust,17,25,0.65,2,3.00
coffee_leaf_rust,17,26,2.35,2,3.00
coffee_leaf_rust,17,27,0.6,0.5,1.00
coffee_leaf_rust,17,28,39,40,35.00
coffee_leaf_rust,17,29,7.49,20,9.00
coffee_leaf_rust,17,30,13.4,15,13.00
coffee_leaf_rust,17,31,0.5,0.5,1.00
coffee_leaf_rust,17,32,1.01,0.5,2.00
coffee_leaf_rust,17,33,35,30,30.00
coffee_leaf_rust,17,34,0.26,0.1,0.50
coffee_leaf_rust,17,35,3.01,0.5,3.00
coffee_leaf_rust,17,36,1.51,0.5,1.00
coffee_leaf_rust,17,37,5.76,1,2.00
coffee_leaf_rust,17,38,0.74,0.5,0.50
coffee_leaf_rust,17,39,10.04,5,5.00
coffee_leaf_rust,17,40,1.29,1,1.00
coffee_leaf_rust,18,1,58.76,30,35.00
coffee_leaf_rust,18,2,3.08,10,1.30
coffee_leaf_rust,18,3,2.03,2,0.30
coffee_leaf_rust,18,4,43.81,60,13.00
coffee_leaf_rust,18,5,17.6,15,5.00
coffee_leaf_rust,18,6,4.01,5,0.80
coffee_leaf_rust,18,7,0.4,1,0.50
coffee_leaf_rust,18,8,3.83,7,1.00
coffee_leaf_rust,18,9,14.74,16,2.00
coffee_leaf_rust,18,10,11.91,17,10.00
coffee_leaf_rust,18,11,8.73,15,5.00
coffee_leaf_rust,18,12,20.29,35,15.00
coffee_leaf_rust,18,13,62.5,80,40.00
coffee_leaf_rust,18,14,16.07,20,9.00
coffee_leaf_rust,18,15,2.03,10,2.00
coffee_leaf_rust,18,16,23.22,20,5.00
coffee_leaf_rust,18,17,34.16,50,12.00
coffee_leaf_rust,18,18,6.81,5,6.00
coffee_leaf_rust,18,19,22.47,35,15.00
coffee_leaf_rust,18,20,5.11,7,5.00
coffee_leaf_rust,18,21,1.76,5,2.70
coffee_leaf_rust,18,22,2.5,4,3.00
coffee_leaf_rust,18,23,24.35,25,21.00
coffee_leaf_rust,18,24,30.96,30,20.00
coffee_leaf_rust,18,25,0.65,3,0.50
coffee_leaf_rust,18,26,2.35,5,9.00
coffee_leaf_rust,18,27,0.6,1,0.30
coffee_leaf_rust,18,28,39,80,50.00
coffee_leaf_rust,18,29,7.49,10,11.00
coffee_leaf_rust,18,30,13.4,15,10.00
coffee_leaf_rust,18,31,0.5,3,0.30
coffee_leaf_rust,18,32,1.01,3,0.50
coffee_leaf_rust,18,33,35,75,35.00
coffee_leaf_rust,18,34,0.26,1,0.10
coffee_leaf_rust,18,35,3.01,2,0.40
coffee_leaf_rust,18,36,1.51,3,0.30
coffee_leaf_rust,18,37,5.76,6,2.70
coffee_leaf_rust,18,38,0.74,3,1.00
coffee_leaf_rust,18,39,10.04,10,2.00
coffee_leaf_rust,18,40,1.29,4,0.90
coffee_leaf_rust,19,1,58.76,75,60.00
coffee_leaf_rust,19,2,3.08,20,5.00
coffee_leaf_rust,19,3,2.03,20,5.00
coffee_leaf_rust,19,4,43.81,80,35.00
coffee_leaf_rust,19,5,17.6,30,21.00
coffee_leaf_rust,19,6,4.01,15,5.00
coffee_leaf_rust,19,7,0.4,10,0.50
coffee_leaf_rust,19,8,3.83,15,2.70
coffee_leaf_rust,19,9,14.74,40,15.00
coffee_leaf_rust,19,10,11.91,30,10.00
coffee_leaf_rust,19,11,8.73,30,10.00
coffee_leaf_rust,19,12,20.29,50,15.00
coffee_leaf_rust,19,13,62.5,100,68.00
coffee_leaf_rust,19,14,16.07,50,21.00
coffee_leaf_rust,19,15,2.03,20,2.70
coffee_leaf_rust,19,16,23.22,30,15.00
coffee_leaf_rust,19,17,34.16,80,35.00
coffee_leaf_rust,19,18,6.81,20,21.00
coffee_leaf_rust,19,19,22.47,60,10.00
coffee_leaf_rust,19,20,5.11,20,5.00
coffee_leaf_rust,19,21,1.76,15,35.00
coffee_leaf_rust,19,22,2.5,15,50.00
coffee_leaf_rust,19,23,24.35,60,0.50
coffee_leaf_rust,19,24,30.96,50,1.00
coffee_leaf_rust,19,25,0.65,10,0.50
coffee_leaf_rust,19,26,2.35,13,35.00
coffee_leaf_rust,19,27,0.6,5,10.00
coffee_leaf_rust,19,28,39,90,15.00
coffee_leaf_rust,19,29,7.49,20,0.50
coffee_leaf_rust,19,30,13.4,40,1.00
coffee_leaf_rust,19,31,0.5,10,35.00
coffee_leaf_rust,19,32,1.01,15,0.50
coffee_leaf_rust,19,33,35,55,2.70
coffee_leaf_rust,19,34,0.26,10,1.00
coffee_leaf_rust,19,35,3.01,12,2.70
coffee_leaf_rust,19,36,1.51,10,1.00
coffee_leaf_rust,19,37,5.76,30,15.00
coffee_leaf_rust,19,38,0.74,15,2.50
coffee_leaf_rust,19,39,10.04,30,5.00
coffee_leaf_rust,19,40,1.29,20,2.50
coffee_leaf_rust,20,1,58.76,40,40.00
coffee_leaf_rust,20,2,3.08,5,2.70
coffee_leaf_rust,20,3,2.03,2,2.00
coffee_leaf_rust,20,4,43.81,78,50.00
coffee_leaf_rust,20,5,17.6,30,10.00
coffee_leaf_rust,20,6,4.01,8,2.00
coffee_leaf_rust,20,7,0.4,1,0.50
coffee_leaf_rust,20,8,3.83,12,5.00
coffee_leaf_rust,20,9,14.74,35,12.00
coffee_leaf_rust,20,10,11.91,28,18.00
coffee_leaf_rust,20,11,8.73,20,8.00
coffee_leaf_rust,20,12,20.29,38,18.00
coffee_leaf_rust,20,13,62.5,100,80.00
coffee_leaf_rust,20,14,16.07,30,15.00
coffee_leaf_rust,20,15,2.03,7,5.00
coffee_leaf_rust,20,16,23.22,30,12.00
coffee_leaf_rust,20,17,34.16,45,40.00
coffee_leaf_rust,20,18,6.81,10,8.00
coffee_leaf_rust,20,19,22.47,40,21.00
coffee_leaf_rust,20,20,5.11,15,10.00
coffee_leaf_rust,20,21,1.76,7,7.00
coffee_leaf_rust,20,22,2.5,5,5.00
coffee_leaf_rust,20,23,24.35,38,30.00
coffee_leaf_rust,20,24,30.96,40,35.00
coffee_leaf_rust,20,25,0.65,2,1.00
coffee_leaf_rust,20,26,2.35,4,5.00
coffee_leaf_rust,20,27,0.6,1.5,0.50
coffee_leaf_rust,20,28,39,80,50.00
coffee_leaf_rust,20,29,7.49,20,8.00
coffee_leaf_rust,20,30,13.4,25,13.00
coffee_leaf_rust,20,31,0.5,1,1.00
coffee_leaf_rust,20,32,1.01,4,1.00
coffee_leaf_rust,20,33,35,70,50.00
coffee_leaf_rust,20,34,0.26,0.5,0.30
coffee_leaf_rust,20,35,3.01,3,1.00
coffee_leaf_rust,20,36,1.51,2,1.00
coffee_leaf_rust,20,37,5.76,12,10.00
coffee_leaf_rust,20,38,0.74,3,2.00
coffee_leaf_rust,20,39,10.04,30,8.00
coffee_leaf_rust,20,40,1.29,4,1.00
coffee_leaf_rust,21,1,58.76,52,45.00
coffee_leaf_rust,21,2,3.08,0.7,5.00
coffee_leaf_rust,21,3,2.03,0.4,2.00
coffee_leaf_rust,21,4,43.81,60,50.00
coffee_leaf_rust,21,5,17.6,17,15.00
coffee_leaf_rust,21,6,4.01,6,4.00
coffee_leaf_rust,21,7,0.4,3,1.00
coffee_leaf_rust,21,8,3.83,4,6.00
coffee_leaf_rust,21,9,14.74,15,15.00
coffee_leaf_rust,21,10,11.91,13,14.00
coffee_leaf_rust,21,11,8.73,12,12.00
coffee_leaf_rust,21,12,20.29,35,23.00
coffee_leaf_rust,21,13,62.5,85,68.00
coffee_leaf_rust,21,14,16.07,25,18.00
coffee_leaf_rust,21,15,2.03,8,8.00
coffee_leaf_rust,21,16,23.22,19,28.00
coffee_leaf_rust,21,17,34.16,50,50.00
coffee_leaf_rust,21,18,6.81,13,14.00
coffee_leaf_rust,21,19,22.47,40,27.00
coffee_leaf_rust,21,20,5.11,13,14.00
coffee_leaf_rust,21,21,1.76,9,10.00
coffee_leaf_rust,21,22,2.5,8,7.00
coffee_leaf_rust,21,23,24.35,45,33.00
coffee_leaf_rust,21,24,30.96,45,36.00
coffee_leaf_rust,21,25,0.65,5,2.00
coffee_leaf_rust,21,26,2.35,7,2.80
coffee_leaf_rust,21,27,0.6,3,1.00
coffee_leaf_rust,21,28,39,75,50.00
coffee_leaf_rust,21,29,7.49,17,16.00
coffee_leaf_rust,21,30,13.4,25,20.00
coffee_leaf_rust,21,31,0.5,4,2.00
coffee_leaf_rust,21,32,1.01,5,2.40
coffee_leaf_rust,21,33,35,65,33.00
coffee_leaf_rust,21,34,0.26,3,1.00
coffee_leaf_rust,21,35,3.01,6,2.20
coffee_leaf_rust,21,36,1.51,5,1.80
coffee_leaf_rust,21,37,5.76,13,5.00
coffee_leaf_rust,21,38,0.74,7,2.80
coffee_leaf_rust,21,39,10.04,22,7.00
coffee_leaf_rust,21,40,1.29,8,2.70