"step","raters_added","k","mu","sd","rse","k_req_rse","k_req_power","k_final_req","observed_pairs","n_pairs","baseline_ccc","target_ccc","delta_z","sd_diff_z","boundary_pairs_excluded","power_status","qualifies","stability_counter","stop","rse_target","delta_ccc","alpha","power_target","sided","k_floor","stability_m","power_from_full"
1,1,1,0.798868855536151,NA,NA,NA,NA,NA,1,1,0.798868855536151,0.898868855536151,0.370819668314605,NA,0,"insufficient_pairs",FALSE,0,FALSE,0.1,0.1,0.05,0.8,"two.sided",3,2,FALSE
2,2,2,0.701116487770111,0.138242724248816,0.139423861043318,4,NA,NA,2,2,0.701116487770111,0.801116487770111,0.232228284608789,0.459433477458784,0,"insufficient_pairs",FALSE,0,FALSE,0.1,0.1,0.05,0.8,"two.sided",3,2,FALSE
3,3,3,0.733245442687341,0.112482597036552,0.0885676935681859,3,NA,NA,3,3,0.733245442687341,0.833245442687341,0.262949096281686,0.339836945518958,0,"insufficient_pairs",FALSE,0,FALSE,0.1,0.1,0.05,0.8,"two.sided",3,2,FALSE
4,4,4,0.776006016997238,0.125494050132427,0.0808589414151887,3,9,9,4,4,0.776006016997238,0.876006016997238,0.32308208753169,0.281140067942794,0,"feasible",FALSE,0,FALSE,0.1,0.1,0.05,0.8,"two.sided",3,2,FALSE
5,5,5,0.789247534195654,0.112642160635172,0.0638267507720223,3,7,7,5,5,0.789247534195654,0.889247534195654,0.348885041951987,0.249454971167734,0,"feasible",FALSE,0,FALSE,0.1,0.1,0.05,0.8,"two.sided",3,2,FALSE
6,6,6,0.803847450069887,0.106909075121133,0.0542956840249734,3,7,7,6,6,0.803847450069887,0.903847450069887,0.383455818415467,0.275109505254436,0,"feasible",FALSE,0,FALSE,0.1,0.1,0.05,0.8,"two.sided",3,2,FALSE
7,7,7,0.813165027336627,0.100659554980629,0.0467872256830925,3,7,7,7,7,0.813165027336627,0.913165027336627,0.409950638805638,0.306714268793861,0,"feasible",TRUE,1,FALSE,0.1,0.1,0.05,0.8,"two.sided",3,2,FALSE
8,8,8,0.831060258337161,0.10605084793686,0.045116628411988,3,6,6,8,8,0.831060258337161,0.931060258337161,0.474741656416703,0.329422672676002,0,"feasible",TRUE,2,TRUE,0.1,0.1,0.05,0.8,"two.sided",3,2,FALSE
9,9,9,0.844685882553866,0.107293304880895,0.0423405146208511,3,7,7,9,9,0.844685882553866,0.944685882553866,0.542606460244188,0.409769619679491,0,"feasible",TRUE,3,TRUE,0.1,0.1,0.05,0.8,"two.sided",3,2,FALSE
10,10,10,0.849157207749155,0.102140520628474,0.0380373249657211,3,6,6,10,10,0.849157207749155,0.949157207749155,0.570083461255318,0.39647547903523,0,"feasible",TRUE,4,TRUE,0.1,0.1,0.05,0.8,"two.sided",3,2,FALSE
11,11,11,0.847633577181764,0.0970306823123226,0.0345147387702088,3,7,7,11,11,0.847633577181764,0.947633577181764,0.560366054444613,0.395294524695628,0,"feasible",TRUE,5,TRUE,0.1,0.1,0.05,0.8,"two.sided",3,2,FALSE
12,12,12,0.847760543971732,0.0925161710752275,0.0315031388606693,3,6,6,12,12,0.847760543971732,0.947760543971732,0.561161231228763,0.377753695594434,0,"feasible",TRUE,6,TRUE,0.1,0.1,0.05,0.8,"two.sided",3,2,FALSE
13,13,13,0.845054945817246,0.0891130470193636,0.029247225232239,3,6,6,13,13,0.845054945817246,0.945054945817246,0.544759031186588,0.363163170304365,0,"feasible",TRUE,7,TRUE,0.1,0.1,0.05,0.8,"two.sided",3,2,FALSE
14,14,14,0.842881532582709,0.0860023880504446,0.0272696745026154,3,6,6,14,14,0.842881532582709,0.942881532582709,0.532357201891358,0.360358714523386,0,"feasible",TRUE,8,TRUE,0.1,0.1,0.05,0.8,"two.sided",3,2,FALSE
15,15,15,0.851075492984841,0.0887423827877989,0.0269226230789087,3,6,6,15,15,0.851075492984841,0.951075492984841,0.582887506997141,0.398019861028765,0,"feasible",TRUE,9,TRUE,0.1,0.1,0.05,0.8,"two.sided",3,2,FALSE
16,16,16,0.856010221229967,0.0879762533584173,0.0256936924281137,3,6,6,16,16,0.856010221229967,0.956010221229967,0.61913133287074,0.384544836593804,0,"feasible",TRUE,10,TRUE,0.1,0.1,0.05,0.8,"two.sided",3,2,FALSE
17,17,17,0.855657551721398,0.0851950510364104,0.0241484866364458,3,6,6,17,17,0.855657551721398,0.955657551721398,0.616366771302365,0.372948761480233,0,"feasible",TRUE,11,TRUE,0.1,0.1,0.05,0.8,"two.sided",3,2,FALSE
18,18,18,0.850419628964099,0.0855867337816002,0.0237212147099253,3,6,6,18,18,0.850419628964099,0.950419628964099,0.578435470524296,0.383899562482479,0,"feasible",TRUE,12,TRUE,0.1,0.1,0.05,0.8,"two.sided",3,2,FALSE
19,19,19,0.853437932157009,0.0842094563553822,0.022636648197466,3,6,6,19,19,0.853437932157009,0.953437932157009,0.599605700650792,0.395666536525232,0,"feasible",TRUE,13,TRUE,0.1,0.1,0.05,0.8,"two.sided",3,2,FALSE
20,20,20,0.851737182446294,0.0823156167807371,0.0216103416082996,3,6,6,20,20,0.851737182446294,0.951737182446294,0.5874603373288,0.397896110641663,0,"feasible",TRUE,14,TRUE,0.1,0.1,0.05,0.8,"two.sided",3,2,FALSE
21,21,21,0.849940029697019,0.0806529146762988,0.0207072361191405,3,6,6,21,21,0.849940029697019,0.949940029697019,0.575229359679018,0.393691312494836,0,"feasible",TRUE,15,TRUE,0.1,0.1,0.05,0.8,"two.sided",3,2,FALSE
