"study","leaf","actual","reference_set"
"alternaria_pecan","1.0",4.1,1
"alternaria_pecan","10.0",24.1,1
"alternaria_pecan","11.0",25.9,1
"alternaria_pecan","12.0",27.6,1
"alternaria_pecan","13.0",28.2,1
"alternaria_pecan","14.0",33.6,1
"alternaria_pecan","15.0",35.5,1
"alternaria_pecan","16.0",35.6,1
"alternaria_pecan","17.0",37.1,1
"alternaria_pecan","18.0",40.4,1
"alternaria_pecan","19.0",41.5,1
"alternaria_pecan","2.0",5.1,1
"alternaria_pecan","20.0",43.4,1
"alternaria_pecan","21.0",45.8,1
"alternaria_pecan","22.0",47.1,1
"alternaria_pecan","23.0",48.5,1
"alternaria_pecan","24.0",50.9,1
"alternaria_pecan","25.0",54.6,1
"alternaria_pecan","26.0",55.6,1
"alternaria_pecan","27.0",60.7,1
"alternaria_pecan","28.0",61.2,1
"alternaria_pecan","29.0",64.5,1
"alternaria_pecan","3.0",5.9,1
"alternaria_pecan","30.0",69.7,1
"alternaria_pecan","31.0",70.4,1
"alternaria_pecan","32.0",74.5,1
"alternaria_pecan","33.0",84.1,1
"alternaria_pecan","34.0",85.4,1
"alternaria_pecan","35.0",85.6,1
"alternaria_pecan","4.0",7.3,1
"alternaria_pecan","5.0",8.3,1
"alternaria_pecan","6.0",12.2,1
"alternaria_pecan","7.0",14,1
"alternaria_pecan","8.0",18.2,1
"alternaria_pecan","9.0",18.7,1
"canker_ripe_orange","1.0",6.61,1
"canker_ripe_orange","10.0",7.83,1
"canker_ripe_orange","11.0",18.74,1
"canker_ripe_orange","12.0",8.77,1
"canker_ripe_orange","13.0",5.13,1
"canker_ripe_orange","14.0",7.26,1
"canker_ripe_orange","15.0",13.08,1
"canker_ripe_orange","16.0",3.71,1
"canker_ripe_orange","17.0",0.94,1
"canker_ripe_orange","18.0",2.06,1
"canker_ripe_orange","19.0",4.02,1
"canker_ripe_orange","2.0",26.31,1
"canker_ripe_orange","20.0",10.79,1
"canker_ripe_orange","21.0",1.1,1
"canker_ripe_orange","22.0",6.85,1
"canker_ripe_orange","23.0",5.52,1
"canker_ripe_orange","24.0",2.16,1
"canker_ripe_orange","25.0",0.76,1
"canker_ripe_orange","26.0",0.923,1
"canker_ripe_orange","27.0",0.84,1
"canker_ripe_orange","28.0",3.89,1
"canker_ripe_orange","29.0",1.68,1
"canker_ripe_orange","3.0",14.16,1
"canker_ripe_orange","30.0",17.59,1
"canker_ripe_orange","31.0",2.82,1
"canker_ripe_orange","32.0",15.9,1
"canker_ripe_orange","33.0",3.2,1
"canker_ripe_orange","34.0",2.27,1
"canker_ripe_orange","35.0",5.23,1
"canker_ripe_orange","36.0",11.13,1
"canker_ripe_orange","37.0",6.77,1
"canker_ripe_orange","38.0",22.05,1
"canker_ripe_orange","39.0",2.52,1
"canker_ripe_orange","4.0",1.94,1
"canker_ripe_orange","40.0",1.59,1
"canker_ripe_orange","5.0",39.1,1
"canker_ripe_orange","6.0",2.1,1
"canker_ripe_orange","7.0",2.86,1
"canker_ripe_orange","8.0",8.04,1
"canker_ripe_orange","9.0",18.66,1
"coffee_leaf_rust","1.0",58.76,1
"coffee_leaf_rust","10.0",11.91,1
"coffee_leaf_rust","11.0",8.73,1
"coffee_leaf_rust","12.0",20.29,1
"coffee_leaf_rust","13.0",62.5,1
"coffee_leaf_rust","14.0",16.07,1
"coffee_leaf_rust","15.0",2.03,1
"coffee_leaf_rust","16.0",23.22,1
"coffee_leaf_rust","17.0",34.16,1
"coffee_leaf_rust","18.0",6.81,1
"coffee_leaf_rust","19.0",22.47,1
"coffee_leaf_rust","2.0",3.08,1
"coffee_leaf_rust","20.0",5.11,1
"coffee_leaf_rust","21.0",1.76,1
"coffee_leaf_rust","22.0",2.5,1
"coffee_leaf_rust","23.0",24.35,1
"coffee_leaf_rust","24.0",30.96,1
"coffee_leaf_rust","25.0",0.65,1
"coffee_leaf_rust","26.0",2.35,1
"coffee_leaf_rust","27.0",0.6,1
"coffee_leaf_rust","28.0",39,1
"coffee_leaf_rust","29.0",7.49,1
"coffee_leaf_rust","3.0",2.03,1
"coffee_leaf_rust","30.0",13.4,1
"coffee_leaf_rust","31.0",0.5,1
"coffee_leaf_rust","32.0",1.01,1
"coffee_leaf_rust","33.0",35,1
"coffee_leaf_rust","34.0",0.26,1
"coffee_leaf_rust","35.0",3.01,1
"coffee_leaf_rust","36.0",1.51,1
"coffee_leaf_rust","37.0",5.76,1
"coffee_leaf_rust","38.0",0.74,1
"coffee_leaf_rust","39.0",10.04,1
"coffee_leaf_rust","4.0",43.81,1
"coffee_leaf_rust","40.0",1.29,1
"coffee_leaf_rust","5.0",17.6,1
"coffee_leaf_rust","6.0",4.01,1
"coffee_leaf_rust","7.0",0.4,1
"coffee_leaf_rust","8.0",3.83,1
"coffee_leaf_rust","9.0",14.74,1
"tan_spot_wheat","1.0",1.36,1
"tan_spot_wheat","10.0",56.94,1
"tan_spot_wheat","11.0",21.08,1
"tan_spot_wheat","12.0",12.2,1
"tan_spot_wheat","13.0",1.28,1
"tan_spot_wheat","14.0",10.19,1
"tan_spot_wheat","15.0",48.32,1
"tan_spot_wheat","16.0",63.77,1
"tan_spot_wheat","17.0",3.32,1
"tan_spot_wheat","18.0",15.22,1
"tan_spot_wheat","19.0",64.52,1
"tan_spot_wheat","2.0",17.65,1
"tan_spot_wheat","20.0",35.36,1
"tan_spot_wheat","21.0",38.52,1
"tan_spot_wheat","22.0",52.07,1
"tan_spot_wheat","23.0",92.84,1
"tan_spot_wheat","24.0",41.28,1
"tan_spot_wheat","25.0",19.47,1
"tan_spot_wheat","26.0",25.43,1
"tan_spot_wheat","27.0",82.5,1
"tan_spot_wheat","28.0",79.13,1
"tan_spot_wheat","29.0",74.95,1
"tan_spot_wheat","3.0",7.39,1
"tan_spot_wheat","30.0",60.49,1
"tan_spot_wheat","31.0",6.1,1
"tan_spot_wheat","32.0",31.92,1
"tan_spot_wheat","33.0",1.45,1
"tan_spot_wheat","34.0",45.18,1
"tan_spot_wheat","35.0",41.3,1
"tan_spot_wheat","36.0",57.66,1
"tan_spot_wheat","37.0",67.18,1
"tan_spot_wheat","38.0",97.04,1
"tan_spot_wheat","39.0",4.05,1
"tan_spot_wheat","4.0",28.58,1
"tan_spot_wheat","40.0",50.81,1
"tan_spot_wheat","5.0",82.35,1
"tan_spot_wheat","6.0",26.07,1
"tan_spot_wheat","7.0",9.05,1
"tan_spot_wheat","8.0",8.56,1
"tan_spot_wheat","9.0",55.5,1
"botrytis_gerbera","1.0",3,1
"botrytis_gerbera","10.0",1,1
"botrytis_gerbera","11.0",13,1
"botrytis_gerbera","12.0",5,1
"botrytis_gerbera","13.0",2,1
"botrytis_gerbera","14.0",31,1
"botrytis_gerbera","15.0",26,1
"botrytis_gerbera","16.0",21,1
"botrytis_gerbera","17.0",8,1
"botrytis_gerbera","18.0",21,1
"botrytis_gerbera","19.0",36,1
"botrytis_gerbera","2.0",37,1
"botrytis_gerbera","20.0",16,1
"botrytis_gerbera","21.0",33,1
"botrytis_gerbera","22.0",18,1
"botrytis_gerbera","23.0",12,1
"botrytis_gerbera","24.0",3,1
"botrytis_gerbera","25.0",9,1
"botrytis_gerbera","26.0",5,1
"botrytis_gerbera","27.0",47,1
"botrytis_gerbera","28.0",4,1
"botrytis_gerbera","29.0",24,1
"botrytis_gerbera","3.0",2,1
"botrytis_gerbera","30.0",20,1
"botrytis_gerbera","4.0",11,1
"botrytis_gerbera","5.0",34,1
"botrytis_gerbera","6.0",68,1
"botrytis_gerbera","7.0",32,1
"botrytis_gerbera","8.0",19,1
"botrytis_gerbera","9.0",22,1
"botrytis_gerbera","1.0",2,2
"botrytis_gerbera","10.0",2,2
"botrytis_gerbera","11.0",18,2
"botrytis_gerbera","12.0",8,2
"botrytis_gerbera","13.0",4,2
"botrytis_gerbera","14.0",29,2
"botrytis_gerbera","15.0",35,2
"botrytis_gerbera","16.0",27,2
"botrytis_gerbera","17.0",9,2
"botrytis_gerbera","18.0",27,2
"botrytis_gerbera","19.0",45,2
"botrytis_gerbera","2.0",37,2
"botrytis_gerbera","20.0",15,2
"botrytis_gerbera","21.0",24,2
"botrytis_gerbera","22.0",11,2
"botrytis_gerbera","23.0",14,2
"botrytis_gerbera","24.0",6,2
"botrytis_gerbera","25.0",10,2
"botrytis_gerbera","26.0",6,2
"botrytis_gerbera","27.0",43,2
"botrytis_gerbera","28.0",7,2
"botrytis_gerbera","29.0",27,2
"botrytis_gerbera","3.0",2,2
"botrytis_gerbera","30.0",22,2
"botrytis_gerbera","4.0",7,2
"botrytis_gerbera","5.0",23,2
"botrytis_gerbera","6.0",92,2
"botrytis_gerbera","7.0",22,2
"botrytis_gerbera","8.0",21,2
"botrytis_gerbera","9.0",21,2
"pecan_scab","101.0",31.03,1
"pecan_scab","119.0",55.46,1
"pecan_scab","12.0",3.04,1
"pecan_scab","121.0",68.89,1
"pecan_scab","122.0",41.31,1
"pecan_scab","124.0",37.61,1
"pecan_scab","126.0",32.26,1
"pecan_scab","130.0",60.78,1
"pecan_scab","135.0",78.5,1
"pecan_scab","151.0",84.24,1
"pecan_scab","17.0",3.77,1
"pecan_scab","198.0",4.4,1
"pecan_scab","2.0",1.73,1
"pecan_scab","21.0",4.7,1
"pecan_scab","24.0",4.06,1
"pecan_scab","25.0",9.84,1
"pecan_scab","26.0",12.26,1
"pecan_scab","27.0",2.65,1
"pecan_scab","28.0",10.49,1
"pecan_scab","3.0",0.95,1
"pecan_scab","37.0",3.61,1
"pecan_scab","40.0",4.53,1
"pecan_scab","41.0",9.59,1
"pecan_scab","43.0",6.83,1
"pecan_scab","46.0",8.84,1
"pecan_scab","47.0",5.85,1
"pecan_scab","5.0",2.45,1
"pecan_scab","53.0",18.75,1
"pecan_scab","55.0",22.1,1
"pecan_scab","58.0",7.93,1
"pecan_scab","65.0",11.23,1
"pecan_scab","66.0",5.52,1
"pecan_scab","69.0",12.84,1
"pecan_scab","75.0",10.4,1
"pecan_scab","80.0",17.66,1
"pecan_scab","84.0",12.17,1
"pecan_scab","86.0",45.01,1
"pecan_scab","87.0",12.09,1
"pecan_scab","88.0",15.87,1
"pecan_scab","98.0",21.57,1
"xylella_tobacco","1.0",11.7,1
"xylella_tobacco","10.0",68.56,1
"xylella_tobacco","11.0",13.7,1
"xylella_tobacco","12.0",56.66,1
"xylella_tobacco","13.0",3.11,1
"xylella_tobacco","14.0",33.64,1
"xylella_tobacco","15.0",18.41,1
"xylella_tobacco","16.0",35.31,1
"xylella_tobacco","17.0",63.42,1
"xylella_tobacco","18.0",25.33,1
"xylella_tobacco","19.0",1.76,1
"xylella_tobacco","2.0",35.15,1
"xylella_tobacco","20.0",14.93,1
"xylella_tobacco","21.0",38.56,1
"xylella_tobacco","22.0",11.47,1
"xylella_tobacco","23.0",26.11,1
"xylella_tobacco","24.0",47.24,1
"xylella_tobacco","25.0",9.71,1
"xylella_tobacco","26.0",67.52,1
"xylella_tobacco","27.0",29.42,1
"xylella_tobacco","28.0",3.24,1
"xylella_tobacco","29.0",46.03,1
"xylella_tobacco","3.0",0.54,1
"xylella_tobacco","30.0",17.35,1
"xylella_tobacco","31.0",60.58,1
"xylella_tobacco","32.0",10.33,1
"xylella_tobacco","33.0",30.63,1
"xylella_tobacco","34.0",3.04,1
"xylella_tobacco","35.0",15.81,1
"xylella_tobacco","36.0",44.72,1
"xylella_tobacco","37.0",68.92,1
"xylella_tobacco","38.0",13.22,1
"xylella_tobacco","39.0",48.71,1
"xylella_tobacco","4.0",12.44,1
"xylella_tobacco","40.0",38.38,1
"xylella_tobacco","41.0",13.67,1
"xylella_tobacco","42.0",62.05,1
"xylella_tobacco","43.0",8.09,1
"xylella_tobacco","44.0",32.81,1
"xylella_tobacco","45.0",51.46,1
"xylella_tobacco","46.0",16.06,1
"xylella_tobacco","47.0",33.98,1
"xylella_tobacco","48.0",27.97,1
"xylella_tobacco","49.0",40.33,1
"xylella_tobacco","5.0",15.17,1
"xylella_tobacco","50.0",0.9,1
"xylella_tobacco","6.0",57.79,1
"xylella_tobacco","7.0",30.18,1
"xylella_tobacco","8.0",50.68,1
"xylella_tobacco","9.0",10.9,1
"soybean_rust","1.0",0.25,1
"soybean_rust","10.0",16.06,1
"soybean_rust","11.0",16.7,1
"soybean_rust","12.0",19.5,1
"soybean_rust","13.0",20.75,1
"soybean_rust","14.0",23.56,1
"soybean_rust","15.0",23.77,1
"soybean_rust","16.0",24.45,1
"soybean_rust","17.0",25.78,1
"soybean_rust","18.0",26.03,1
"soybean_rust","19.0",26.42,1
"soybean_rust","2.0",2.5,1
"soybean_rust","20.0",28.89,1
"soybean_rust","21.0",31.21,1
"soybean_rust","22.0",33.05,1
"soybean_rust","23.0",34.63,1
"soybean_rust","24.0",36.15,1
"soybean_rust","25.0",36.74,1
"soybean_rust","26.0",38,1
"soybean_rust","27.0",38.07,1
"soybean_rust","28.0",40,1
"soybean_rust","29.0",40.34,1
"soybean_rust","3.0",7.24,1
"soybean_rust","30.0",44.01,1
"soybean_rust","31.0",45.42,1
"soybean_rust","32.0",45.47,1
"soybean_rust","33.0",49.23,1
"soybean_rust","34.0",52.48,1
"soybean_rust","35.0",53.08,1
"soybean_rust","36.0",54.7,1
"soybean_rust","37.0",54.82,1
"soybean_rust","38.0",55.54,1
"soybean_rust","39.0",58.15,1
"soybean_rust","4.0",7.31,1
"soybean_rust","40.0",59.32,1
"soybean_rust","41.0",62.74,1
"soybean_rust","42.0",62.75,1
"soybean_rust","43.0",66,1
"soybean_rust","44.0",66.15,1
"soybean_rust","45.0",70.35,1
"soybean_rust","46.0",71.26,1
"soybean_rust","47.0",78.35,1
"soybean_rust","48.0",78.4,1
"soybean_rust","49.0",80.21,1
"soybean_rust","5.0",9.07,1
"soybean_rust","50.0",84,1
"soybean_rust","6.0",11.6,1
"soybean_rust","7.0",12.46,1
"soybean_rust","8.0",13.1,1
"soybean_rust","9.0",14.61,1
"brown_spot","1.0",2.54,1
"brown_spot","10.0",15.31,1
"brown_spot","11.0",18.2,1
"brown_spot","12.0",36.9,1
"brown_spot","13.0",0.14,1
"brown_spot","14.0",24.64,1
"brown_spot","15.0",21.11,1
"brown_spot","16.0",3.48,1
"brown_spot","17.0",8.57,1
"brown_spot","18.0",18.26,1
"brown_spot","19.0",26.96,1
"brown_spot","2.0",7.89,1
"brown_spot","20.0",6.79,1
"brown_spot","21.0",6.56,1
"brown_spot","22.0",19.9,1
"brown_spot","23.0",33.06,1
"brown_spot","24.0",1.25,1
"brown_spot","25.0",28.8,1
"brown_spot","26.0",9.24,1
"brown_spot","27.0",34.26,1
"brown_spot","28.0",25.2,1
"brown_spot","29.0",5.75,1
"brown_spot","3.0",20.3,1
"brown_spot","30.0",19.58,1
"brown_spot","31.0",13.82,1
"brown_spot","32.0",14.48,1
"brown_spot","33.0",9.02,1
"brown_spot","34.0",2.89,1
"brown_spot","35.0",12.97,1
"brown_spot","36.0",29.23,1
"brown_spot","37.0",11.16,1
"brown_spot","38.0",5.08,1
"brown_spot","39.0",16.59,1
"brown_spot","4.0",35,1
"brown_spot","40.0",28.26,1
"brown_spot","41.0",17.87,1
"brown_spot","42.0",1.85,1
"brown_spot","43.0",7.18,1
"brown_spot","44.0",32.09,1
"brown_spot","45.0",13.5,1
"brown_spot","46.0",23.13,1
"brown_spot","47.0",31.45,1
"brown_spot","48.0",15.3,1
"brown_spot","49.0",22.7,1
"brown_spot","5.0",4.74,1
"brown_spot","50.0",30.59,1
"brown_spot","6.0",0.97,1
"brown_spot","7.0",5.84,1
"brown_spot","8.0",10.09,1
"brown_spot","9.0",11.78,1
