"study","lower","upper","midpoint","frequency"
"alternaria_pecan",0,5,2.5,1
"alternaria_pecan",5,10,7.5,4
"alternaria_pecan",10,15,12.5,2
"alternaria_pecan",15,20,17.5,2
"alternaria_pecan",20,25,22.5,1
"alternaria_pecan",25,30,27.5,3
"alternaria_pecan",30,35,32.5,1
"alternaria_pecan",35,40,37.5,3
"alternaria_pecan",40,45,42.5,3
"alternaria_pecan",45,50,47.5,3
"alternaria_pecan",50,55,52.5,2
"alternaria_pecan",55,60,57.5,1
"alternaria_pecan",60,65,62.5,3
"alternaria_pecan",65,70,67.5,1
"alternaria_pecan",70,75,72.5,2
"alternaria_pecan",75,80,77.5,0
"alternaria_pecan",80,85,82.5,1
"alternaria_pecan",85,90,87.5,2
"alternaria_pecan",90,95,92.5,0
"alternaria_pecan",95,100,97.5,0
"canker_ripe_orange",0,5,2.5,19
"canker_ripe_orange",5,10,7.5,10
"canker_ripe_orange",10,15,12.5,4
"canker_ripe_orange",15,20,17.5,4
"canker_ripe_orange",20,25,22.5,1
"canker_ripe_orange",25,30,27.5,1
"canker_ripe_orange",30,35,32.5,0
"canker_ripe_orange",35,40,37.5,1
"canker_ripe_orange",40,45,42.5,0
"canker_ripe_orange",45,50,47.5,0
"canker_ripe_orange",50,55,52.5,0
"canker_ripe_orange",55,60,57.5,0
"canker_ripe_orange",60,65,62.5,0
"canker_ripe_orange",65,70,67.5,0
"canker_ripe_orange",70,75,72.5,0
"canker_ripe_orange",75,80,77.5,0
"canker_ripe_orange",80,85,82.5,0
"canker_ripe_orange",85,90,87.5,0
"canker_ripe_orange",90,95,92.5,0
"canker_ripe_orange",95,100,97.5,0
"coffee_leaf_rust",0,5,2.5,18
"coffee_leaf_rust",5,10,7.5,5
"coffee_leaf_rust",10,15,12.5,4
"coffee_leaf_rust",15,20,17.5,2
"coffee_leaf_rust",20,25,22.5,4
"coffee_leaf_rust",25,30,27.5,0
"coffee_leaf_rust",30,35,32.5,3
"coffee_leaf_rust",35,40,37.5,1
"coffee_leaf_rust",40,45,42.5,1
"coffee_leaf_rust",45,50,47.5,0
"coffee_leaf_rust",50,55,52.5,0
"coffee_leaf_rust",55,60,57.5,1
"coffee_leaf_rust",60,65,62.5,1
"coffee_leaf_rust",65,70,67.5,0
"coffee_leaf_rust",70,75,72.5,0
"coffee_leaf_rust",75,80,77.5,0
"coffee_leaf_rust",80,85,82.5,0
"coffee_leaf_rust",85,90,87.5,0
"coffee_leaf_rust",90,95,92.5,0
"coffee_leaf_rust",95,100,97.5,0
"tan_spot_wheat",0,5,2.5,5
"tan_spot_wheat",5,10,7.5,4
"tan_spot_wheat",10,15,12.5,2
"tan_spot_wheat",15,20,17.5,3
"tan_spot_wheat",20,25,22.5,1
"tan_spot_wheat",25,30,27.5,3
"tan_spot_wheat",30,35,32.5,1
"tan_spot_wheat",35,40,37.5,2
"tan_spot_wheat",40,45,42.5,2
"tan_spot_wheat",45,50,47.5,2
"tan_spot_wheat",50,55,52.5,2
"tan_spot_wheat",55,60,57.5,3
"tan_spot_wheat",60,65,62.5,3
"tan_spot_wheat",65,70,67.5,1
"tan_spot_wheat",70,75,72.5,1
"tan_spot_wheat",75,80,77.5,1
"tan_spot_wheat",80,85,82.5,2
"tan_spot_wheat",85,90,87.5,0
"tan_spot_wheat",90,95,92.5,1
"tan_spot_wheat",95,100,97.5,1
"botrytis_gerbera",0,5,2.5,12
"botrytis_gerbera",5,10,7.5,9
"botrytis_gerbera",10,15,12.5,6
"botrytis_gerbera",15,20,17.5,5
"botrytis_gerbera",20,25,22.5,10
"botrytis_gerbera",25,30,27.5,5
"botrytis_gerbera",30,35,32.5,5
"botrytis_gerbera",35,40,37.5,3
"botrytis_gerbera",40,45,42.5,2
"botrytis_gerbera",45,50,47.5,1
"botrytis_gerbera",50,55,52.5,0
"botrytis_gerbera",55,60,57.5,0
"botrytis_gerbera",60,65,62.5,0
"botrytis_gerbera",65,70,67.5,1
"botrytis_gerbera",70,75,72.5,0
"botrytis_gerbera",75,80,77.5,0
"botrytis_gerbera",80,85,82.5,0
"botrytis_gerbera",85,90,87.5,0
"botrytis_gerbera",90,95,92.5,1
"botrytis_gerbera",95,100,97.5,0
"pecan_scab",0,5,2.5,11
"pecan_scab",5,10,7.5,7
"pecan_scab",10,15,12.5,7
"pecan_scab",15,20,17.5,3
"pecan_scab",20,25,22.5,2
"pecan_scab",25,30,27.5,0
"pecan_scab",30,35,32.5,2
"pecan_scab",35,40,37.5,1
"pecan_scab",40,45,42.5,1
"pecan_scab",45,50,47.5,1
"pecan_scab",50,55,52.5,0
"pecan_scab",55,60,57.5,1
"pecan_scab",60,65,62.5,1
"pecan_scab",65,70,67.5,1
"pecan_scab",70,75,72.5,0
"pecan_scab",75,80,77.5,1
"pecan_scab",80,85,82.5,1
"pecan_scab",85,90,87.5,0
"pecan_scab",90,95,92.5,0
"pecan_scab",95,100,97.5,0
"xylella_tobacco",0,5,2.5,6
"xylella_tobacco",5,10,7.5,2
"xylella_tobacco",10,15,12.5,9
"xylella_tobacco",15,20,17.5,5
"xylella_tobacco",20,25,22.5,0
"xylella_tobacco",25,30,27.5,4
"xylella_tobacco",30,35,32.5,5
"xylella_tobacco",35,40,37.5,4
"xylella_tobacco",40,45,42.5,2
"xylella_tobacco",45,50,47.5,3
"xylella_tobacco",50,55,52.5,2
"xylella_tobacco",55,60,57.5,2
"xylella_tobacco",60,65,62.5,3
"xylella_tobacco",65,70,67.5,3
"xylella_tobacco",70,75,72.5,0
"xylella_tobacco",75,80,77.5,0
"xylella_tobacco",80,85,82.5,0
"xylella_tobacco",85,90,87.5,0
"xylella_tobacco",90,95,92.5,0
"xylella_tobacco",95,100,97.5,0
"soybean_rust",0,5,2.5,2
"soybean_rust",5,10,7.5,3
"soybean_rust",10,15,12.5,4
"soybean_rust",15,20,17.5,3
"soybean_rust",20,25,22.5,4
"soybean_rust",25,30,27.5,4
"soybean_rust",30,35,32.5,3
"soybean_rust",35,40,37.5,5
"soybean_rust",40,45,42.5,2
"soybean_rust",45,50,47.5,3
"soybean_rust",50,55,52.5,4
"soybean_rust",55,60,57.5,3
"soybean_rust",60,65,62.5,2
"soybean_rust",65,70,67.5,2
"soybean_rust",70,75,72.5,2
"soybean_rust",75,80,77.5,2
"soybean_rust",80,85,82.5,2
"soybean_rust",85,90,87.5,0
"soybean_rust",90,95,92.5,0
"soybean_rust",95,100,97.5,0
"brown_spot",0,5,2.5,8
"brown_spot",5,10,7.5,10
"brown_spot",10,15,12.5,7
"brown_spot",15,20,17.5,8
"brown_spot",20,25,22.5,5
"brown_spot",25,30,27.5,5
"brown_spot",30,35,32.5,6
"brown_spot",35,40,37.5,1
"brown_spot",40,45,42.5,0
"brown_spot",45,50,47.5,0
"brown_spot",50,55,52.5,0
"brown_spot",55,60,57.5,0
"brown_spot",60,65,62.5,0
"brown_spot",65,70,67.5,0
"brown_spot",70,75,72.5,0
"brown_spot",75,80,77.5,0
"brown_spot",80,85,82.5,0
"brown_spot",85,90,87.5,0
"brown_spot",90,95,92.5,0
"brown_spot",95,100,97.5,0
