"study","rater","reference_set"
"botrytis_gerbera","1.0",1
"botrytis_gerbera","10.0",2
"botrytis_gerbera","11.0",1
"botrytis_gerbera","12.0",2
"botrytis_gerbera","13.0",1
"botrytis_gerbera","14.0",2
"botrytis_gerbera","15.0",1
"botrytis_gerbera","16.0",2
"botrytis_gerbera","17.0",1
"botrytis_gerbera","18.0",2
"botrytis_gerbera","19.0",1
"botrytis_gerbera","2.0",2
"botrytis_gerbera","20.0",2
"botrytis_gerbera","21.0",1
"botrytis_gerbera","22.0",2
"botrytis_gerbera","23.0",1
"botrytis_gerbera","24.0",2
"botrytis_gerbera","25.0",1
"botrytis_gerbera","26.0",2
"botrytis_gerbera","27.0",1
"botrytis_gerbera","28.0",2
"botrytis_gerbera","29.0",1
"botrytis_gerbera","3.0",1
"botrytis_gerbera","30.0",2
"botrytis_gerbera","31.0",1
"botrytis_gerbera","32.0",2
"botrytis_gerbera","33.0",1
"botrytis_gerbera","34.0",2
"botrytis_gerbera","35.0",1
"botrytis_gerbera","36.0",2
"botrytis_gerbera","4.0",2
"botrytis_gerbera","5.0",1
"botrytis_gerbera","6.0",2
"botrytis_gerbera","7.0",1
"botrytis_gerbera","8.0",2
"botrytis_gerbera","9.0",1
