"study","scale","n","mean","sd","skewness","excess_kurtosis","shapiro_p","boundary_pairs"
"alternaria_pecan","raw difference",34,0.0395072183767941,0.0567675118033856,3.41009070324581,13.5378111217471,5.0945519613092e-08,0
"alternaria_pecan","atanh difference",34,0.349553458761862,0.308845356482561,0.471155822999081,-0.173043431099039,0.715166968928102,0
"botrytis_gerbera","raw difference",36,0.0697141646715961,0.158755657999319,2.16765132545401,5.94696729350681,4.40807102987986e-06,0
"botrytis_gerbera","atanh difference",36,0.153082180870101,0.294899760145174,0.755998314657861,1.71946595817121,0.0278210905718982,0
"brown_spot","raw difference",40,0.326947482336701,0.183041928837851,0.0603363829359478,-0.700567017907566,0.729618190323144,0
"brown_spot","atanh difference",40,0.692104280995146,0.293020605646068,-0.262344765689139,0.447911689921908,0.447590731113276,0
"canker_ripe_orange","raw difference",15,0.141850538111768,0.0418103536528849,0.575967342621169,0.433413104996471,0.59083216314359,0
"canker_ripe_orange","atanh difference",15,0.83723467999387,0.210631432636468,0.818930877321031,-0.209125707452769,0.211808613235439,0
"coffee_leaf_rust","raw difference",21,0.0429112684633726,0.0784871077631318,-0.293072343160953,-1.04738293733175,0.287976301932155,0
"coffee_leaf_rust","atanh difference",21,0.208258797328136,0.393691312494836,-0.58729154734785,-0.763036305461113,0.109789529909362,0
"pecan_scab","raw difference",23,0.0982932655757798,0.160601224889784,1.09034934080917,0.257715936177131,0.0104684534764716,0
"pecan_scab","atanh difference",23,0.223671130504868,0.416112959419493,0.0442023732972983,-0.347999243874328,0.944411314097023,0
"soybean_rust","raw difference",40,0.0927096441092332,0.113153129778229,-0.132010399163909,1.04755142983723,0.0305655262866036,0
"soybean_rust","atanh difference",40,0.472752326893246,0.48822540776582,-0.420323234073083,-0.876562369324472,0.0210588382370505,0
"tan_spot_wheat","raw difference",38,0.0674760255683304,0.12207167993838,1.53077799275715,3.72907285932471,0.000708025810396992,0
"tan_spot_wheat","atanh difference",38,0.24925053983517,0.400178359030159,0.12398152919842,-0.534483322870862,0.616878059873959,0
"xylella_tobacco","raw difference",50,0.113959523854726,0.139987803591227,0.605554932823655,-0.148554486889017,0.0950244170337542,0
"xylella_tobacco","atanh difference",50,0.202500423903327,0.24919188249701,0.335524101558464,-0.223700312186022,0.703889665201115,0
