"study","rater","ccc_u","ccc_a","boundary","diff_raw","diff_z"
"alternaria_pecan",1,0.952591888155427,0.961614511810285,FALSE,0.00902262365485784,0.107862037418961
"alternaria_pecan",2,0.962250948160403,0.964784425767421,FALSE,0.00253347760701839,0.0353810995478314
"alternaria_pecan",3,0.89473589755445,0.912228281816443,FALSE,0.017492384261993,0.0954614310795909
"alternaria_pecan",4,0.957805723131368,0.970445771400026,FALSE,0.0126400482686579,0.181246619568874
"alternaria_pecan",5,0.964302758537328,0.952604447483857,FALSE,-0.0116983110534714,-0.144714118120441
"alternaria_pecan",6,0.954041328093553,0.974864954065112,FALSE,0.0208236259715598,0.307039872794016
"alternaria_pecan",7,0.925596823596145,0.968482104491323,FALSE,0.0428852808951788,0.440484960564048
"alternaria_pecan",8,0.889974631739612,0.975791018755141,FALSE,0.085816387015529,0.779196348495702
"alternaria_pecan",9,0.818809481746979,0.955627070875801,FALSE,0.136817589128823,0.739724111932404
"alternaria_pecan",10,0.934699938826096,0.942423409399998,FALSE,0.00772347057390221,0.064930515357503
"alternaria_pecan",11,0.938227229594409,0.988389791312463,FALSE,0.0501625617180541,0.84856464683063
"alternaria_pecan",12,0.977815388732462,0.966858804459383,FALSE,-0.0109565842730789,-0.203466683169388
"alternaria_pecan",13,0.922098743806186,0.987320412921478,FALSE,0.065221669115292,0.924409107591713
"alternaria_pecan",14,0.953376764250707,0.966612978487316,FALSE,0.0132362142366087,0.17034250247675
"alternaria_pecan",15,0.952126853358525,0.968511459389625,FALSE,0.0163846060311001,0.213644612669992
"alternaria_pecan",16,0.921630577382666,0.976510576805978,FALSE,0.0548799994233113,0.61652123050136
"alternaria_pecan",17,0.936840855742801,0.938094982391542,FALSE,0.00125412664874069,0.0103518530422628
"alternaria_pecan",18,0.950975897177028,0.964510023235944,FALSE,0.0135341260589167,0.16498745714176
"alternaria_pecan",19,0.960857691047542,0.982558328176198,FALSE,0.0217006371286566,0.409673898825129
"alternaria_pecan",20,0.947622882711195,0.978456500256843,FALSE,0.0308336175456481,0.452051534461811
"alternaria_pecan",21,0.914240293773127,0.957255354062184,FALSE,0.0430150602890571,0.359263828644825
"alternaria_pecan",22,0.914656734251252,0.969979587681638,FALSE,0.0553228534303859,0.536644404611549
"alternaria_pecan",23,0.896729788334299,0.951572681456673,FALSE,0.0548428931223738,0.392894595857995
"alternaria_pecan",24,0.91895647098743,0.973270189002472,FALSE,0.054313718015042,0.568558786762027
"alternaria_pecan",25,0.959729159484389,0.977212409199508,FALSE,0.0174832497151192,0.289146610405934
"alternaria_pecan",26,0.945758016847959,0.96548232461226,FALSE,0.0197243077643013,0.231034864283689
"alternaria_pecan",27,0.977692785758762,0.974807115365294,FALSE,-0.00288567039346843,-0.0615558196129169
"alternaria_pecan",28,0.926344084874829,0.969737159822536,FALSE,0.0433930749477064,0.455880026507578
"alternaria_pecan",29,0.92127148140806,0.973988652387108,FALSE,0.0527171709790479,0.567270783474359
"alternaria_pecan",30,0.958703301077316,0.979555393338148,FALSE,0.0208520922608324,0.356826525102818
"alternaria_pecan",31,0.891585638209835,0.963296404756752,FALSE,0.0717107665469169,0.560147658057984
"alternaria_pecan",32,0.953594015739255,0.963498352322915,FALSE,0.00990433658366041,0.122564007677392
"alternaria_pecan",33,0.644937729891675,0.955252116614089,FALSE,0.310314386722414,1.12203282679076
"alternaria_pecan",34,0.956994926786402,0.969224561656716,FALSE,0.012229634870314,0.17041546032879
"botrytis_gerbera",1,0.0894632103358759,0.788381825130432,FALSE,0.698918614794556,0.977438405402556
"botrytis_gerbera",2,0.484855071059619,0.767797951909633,FALSE,0.282942880850014,0.485628945870079
"botrytis_gerbera",3,0.834101630547054,0.879787670741504,FALSE,0.0456860401944501,0.173359910662207
"botrytis_gerbera",4,0.514428032395777,0.686122378669391,FALSE,0.171694346273615,0.271858976320226
"botrytis_gerbera",5,0.776194282160525,0.775701969812138,FALSE,-0.000492312348387425,-0.00123726300527549
"botrytis_gerbera",6,0.380622482416248,0.385045359066711,FALSE,0.00442287665046259,0.00518243846862332
"botrytis_gerbera",7,0.880988391105298,0.908965630344922,FALSE,0.0279772392396246,0.14137404014776
"botrytis_gerbera",8,0.412311617347758,0.884837171451649,FALSE,0.472525554103892,0.959231723841577
"botrytis_gerbera",9,0.843642133310489,0.891609263588638,FALSE,0.0479671302781486,0.196044831463803
"botrytis_gerbera",10,0.871949123373277,0.880488062809808,FALSE,0.00853893943653072,0.0367812752164274
"botrytis_gerbera",11,0.881273791226435,0.789774604873619,FALSE,-0.091499186352816,-0.310609796330004
"botrytis_gerbera",12,0.969748451784082,0.95573635774333,FALSE,-0.014012094040752,-0.193877664357678
"botrytis_gerbera",13,0.680689071944205,0.75675257119371,FALSE,0.0760634992495046,0.158174638419922
"botrytis_gerbera",14,0.757012487305288,0.878480104938874,FALSE,0.121467617633586,0.379890068944957
"botrytis_gerbera",15,0.829539674860674,0.798674394331965,FALSE,-0.0308652805287097,-0.0917176994960431
"botrytis_gerbera",16,0.920214014068103,0.924566535191093,FALSE,0.00435252112299023,0.0291804938046123
"botrytis_gerbera",17,0.793751313132546,0.726920928939438,FALSE,-0.0668303841931072,-0.159323926011042
"botrytis_gerbera",18,0.938321872029957,0.959011461605471,FALSE,0.0206895895755138,0.209627153608036
"botrytis_gerbera",19,0.90608290181157,0.917689434895644,FALSE,0.0116065330840742,0.0689918645039735
"botrytis_gerbera",20,0.88309719666782,0.881777263266969,FALSE,-0.00131993340085113,-0.0059643895401158
"botrytis_gerbera",21,0.808279390943391,0.908054257018579,FALSE,0.0997748660751884,0.394274363503457
"botrytis_gerbera",22,0.812671793875114,0.877681720359185,FALSE,0.0650099264840702,0.230735848333429
"botrytis_gerbera",23,0.869907108857182,0.671140071291918,FALSE,-0.198767037565264,-0.519882926627189
"botrytis_gerbera",24,0.534572793212397,0.764959986267491,FALSE,0.230387193055094,0.411537962503322
"botrytis_gerbera",25,0.831612735888919,0.888607942661572,FALSE,0.0569952067726528,0.221926804000547
"botrytis_gerbera",26,0.768771656119869,0.695600818681239,FALSE,-0.0731708374386292,-0.158591197662503
"botrytis_gerbera",27,0.618650674653322,0.796383945791169,FALSE,0.177733271137847,0.365831263113199
"botrytis_gerbera",28,0.646514385497854,0.851739089892941,FALSE,0.205224704395087,0.493166924266246
"botrytis_gerbera",29,0.917894556164704,0.923563678976769,FALSE,0.00566912281206533,0.0372489408972208
"botrytis_gerbera",30,0.953717595021662,0.960669786242351,FALSE,0.0069521912206898,0.0831604856801085
"botrytis_gerbera",31,0.776264275479325,0.778968394476141,FALSE,0.00270411899681666,0.00684052837699722
"botrytis_gerbera",32,0.84468411691166,0.853565520573175,FALSE,0.00888140366151557,0.0318429748246472
"botrytis_gerbera",33,0.872617347176469,0.918851400728601,FALSE,0.0462340535521321,0.237651606516633
"botrytis_gerbera",34,0.88202131925265,0.912858383115336,FALSE,0.0308370638626863,0.159610825460882
"botrytis_gerbera",35,0.0440755828958359,0.0440745764421691,FALSE,-1.00645366682417e-06,-1.00841262194035e-06
"botrytis_gerbera",36,0.808205747701086,0.863617243687922,FALSE,0.0554114959868361,0.185571088614643
"brown_spot",1,0.551485526663921,0.901688181366745,FALSE,0.350202654702823,0.86066291663634
"brown_spot",2,0.415251627874875,0.832504249964297,FALSE,0.417252622089422,0.754299886688368
"brown_spot",3,0.334386721816333,0.690081455578275,FALSE,0.355694733761942,0.50035212996263
"brown_spot",4,0.31823483145244,0.822042229456058,FALSE,0.503807398003619,0.833401688104964
"brown_spot",5,0.829160125363343,0.950999126965006,FALSE,0.121839001601663,0.65668664885965
"brown_spot",6,0.591498296152273,0.873603827404959,FALSE,0.282105531252686,0.668131371822765
"brown_spot",7,0.736381722238932,0.839585510802963,FALSE,0.103203788564031,0.277238959224811
"brown_spot",8,0.293092985069399,0.75972994728722,FALSE,0.466636962217821,0.693629486535545
"brown_spot",9,0.413324757333159,0.820565895892631,FALSE,0.407241138559472,0.718932928442243
"brown_spot",10,0.394386468722997,0.8997427017172,FALSE,0.505356232994203,1.05388306339489
"brown_spot",11,0.74743663720026,0.886129863537379,FALSE,0.138693226337119,0.436490308433383
"brown_spot",12,0.379028436446829,0.93422673152358,FALSE,0.555198295076751,1.29170009643653
"brown_spot",13,0.495734866709817,0.848047966839827,FALSE,0.352313100130011,0.705524790696326
"brown_spot",14,0.745461728031095,0.933513737257927,FALSE,0.188052009226832,0.722387835173891
"brown_spot",15,0.861612430480165,0.815777159071403,FALSE,-0.0458352714087623,-0.15550867034825
"brown_spot",16,0.417300608859732,0.834322596085551,FALSE,0.417021987225819,0.757775027344
"brown_spot",17,0.673968800830953,0.911306760931227,FALSE,0.237337960100274,0.717199628775256
"brown_spot",18,0.922709429622382,0.951343813068712,FALSE,0.0286343834463298,0.238787952782531
"brown_spot",19,0.284167828380003,0.871856500535419,FALSE,0.587688672155416,1.04855741600224
"brown_spot",20,0.76367482697795,0.921942568214844,FALSE,0.158267741236894,0.596850337227388
"brown_spot",21,0.743701012227298,0.88719587473769,FALSE,0.143494862510392,0.449886982226712
"brown_spot",22,0.297296299610435,0.846329136051358,FALSE,0.549032836440923,0.936519671924545
"brown_spot",23,0.57369518342241,0.800531670399989,FALSE,0.226836486977578,0.447077333599191
"brown_spot",24,0.36640465072744,0.875690003476107,FALSE,0.509285352748668,0.97271286418402
"brown_spot",25,0.498145335092058,0.911664891996913,FALSE,0.413519556904854,0.990459785844491
"brown_spot",26,0.55706482587189,0.85534307054996,FALSE,0.298278244678069,0.647162792938046
"brown_spot",27,0.254286496203057,0.856911130707927,FALSE,0.60262463450487,1.02161156266037
"brown_spot",28,0.801951628928088,0.92573539679089,FALSE,0.123783767862802,0.523657233950152
"brown_spot",29,0.665138947523208,0.855129811361109,FALSE,0.189990863837901,0.472961843622865
"brown_spot",30,0.333553207483769,0.868347954992536,FALSE,0.534794747508767,0.979502757579406
"brown_spot",31,0.851926206431644,0.916087304721398,FALSE,0.0641610982897537,0.300996396410053
"brown_spot",32,0.28711547053696,0.660854256764853,FALSE,0.373738786227893,0.498908979110869
"brown_spot",33,0.775747978926585,0.909720945868467,FALSE,0.133972966941882,0.491300218825325
"brown_spot",34,0.685216598529834,0.86364808777648,FALSE,0.178431489246647,0.468643729012694
"brown_spot",35,0.340769325251316,0.672683013427534,FALSE,0.331913688176218,0.460664895560389
"brown_spot",36,0.475710552743246,0.908365793218297,FALSE,0.432655240475051,1.00067346966437
"brown_spot",37,0.137649753672744,0.888621828578953,FALSE,0.75097207490621,1.27680650146677
"brown_spot",38,0.630499558920347,0.88373883131061,FALSE,0.253239272390263,0.650342457876907
"brown_spot",39,0.568827910507085,0.921891518789014,FALSE,0.353063608281929,0.955694862581686
"brown_spot",40,0.311009434578977,0.794406981861987,FALSE,0.48339754728301,0.761603098571457
"canker_ripe_orange",1,0.735090370734166,0.977524287630511,FALSE,0.242433916896345,1.29886983694918
"canker_ripe_orange",2,0.845638574064074,0.984570873105337,FALSE,0.138932299041264,1.18780853611199
"canker_ripe_orange",3,0.863910196953945,0.960210459417838,FALSE,0.096300262463893,0.640043106628815
"canker_ripe_orange",4,0.872980664178252,0.973870277695941,FALSE,0.100889613517688,0.816865498437285
"canker_ripe_orange",5,0.801980825446904,0.961410279142516,FALSE,0.159429453695611,0.860077575730694
"canker_ripe_orange",6,0.90643978728416,0.980907385373993,FALSE,0.0744675980898329,0.813810561010064
"canker_ripe_orange",7,0.790696033490804,0.942216475056721,FALSE,0.151520441565917,0.684154662570176
"canker_ripe_orange",8,0.764698306392715,0.942801797518142,FALSE,0.178103491125426,0.7552487163828
"canker_ripe_orange",9,0.757241855894338,0.933746809182977,FALSE,0.176504953288639,0.697148024664091
"canker_ripe_orange",10,0.799911763120169,0.931219806249091,FALSE,0.131308043128921,0.569128407856616
"canker_ripe_orange",11,0.86404478099043,0.963709159338258,FALSE,0.0996643783478279,0.686423273220127
"canker_ripe_orange",12,0.81557703059473,0.973014476902339,FALSE,0.157437446307609,1.00254527489972
"canker_ripe_orange",13,0.804169935883874,0.967566815492637,FALSE,0.163396879608763,0.942381097561039
"canker_ripe_orange",14,0.836455641946694,0.974949393987838,FALSE,0.138493752041144,0.974445789801334
"canker_ripe_orange",15,0.829607235067684,0.948482777625319,FALSE,0.118875542557635,0.629569838084108
"coffee_leaf_rust",1,0.930031144906862,0.947771122425243,FALSE,0.0177399775183815,0.15078211414112
"coffee_leaf_rust",2,0.876847029441051,0.855381676882237,FALSE,-0.0214653525588144,-0.0860867990659213
"coffee_leaf_rust",3,0.904287739926926,0.955854822231959,FALSE,0.0515670823050327,0.400291000332683
"coffee_leaf_rust",4,0.889399134506763,0.952744516975192,FALSE,0.0633453824684291,0.441668095907726
"coffee_leaf_rust",5,0.953690876287504,0.864453308833355,FALSE,-0.0892375674541492,-0.560364814811316
"coffee_leaf_rust",6,0.869070490937064,0.966587332322119,FALSE,0.0975168413850559,0.708291229030515
"coffee_leaf_rust",7,0.819422937942725,0.9440003278807,FALSE,0.124577389937975,0.618520139257296
"coffee_leaf_rust",8,0.965790938614682,0.903203984195551,FALSE,-0.0625869544191302,-0.536235588414687
"coffee_leaf_rust",9,0.84915717866138,0.916367256345834,FALSE,0.0672100776844533,0.312752323080611
"coffee_leaf_rust",10,0.842213602989321,0.893649063103166,FALSE,0.0514354601138447,0.211017822368937
"coffee_leaf_rust",11,0.9563268753409,0.939962066850158,FALSE,-0.016364808490742,-0.163321958592184
"coffee_leaf_rust",12,0.850014839584295,0.907003065014296,FALSE,0.0569882254300009,0.254154548289576
"coffee_leaf_rust",13,0.812587767963412,0.902444562716453,FALSE,0.0898567947530412,0.350636988473051
"coffee_leaf_rust",14,0.797503352521802,0.908120496712885,FALSE,0.110617144191083,0.424982703888093
"coffee_leaf_rust",15,0.798868855536151,0.931889518821038,FALSE,0.133020663284887,0.577083270430474
"coffee_leaf_rust",16,0.813996974711503,0.927838947447893,FALSE,0.11384197273639,0.503864725915262
"coffee_leaf_rust",17,0.907767389629378,0.814983186665687,FALSE,-0.0927842029636917,-0.372995196213135
"coffee_leaf_rust",18,0.814627160533733,0.779758301121164,FALSE,-0.0348688594125685,-0.0958794426679856
"coffee_leaf_rust",19,0.603364120004072,0.555130245044088,FALSE,-0.0482338749599833,-0.0726537843999713
"coffee_leaf_rust",20,0.761374942090018,0.937263610224152,FALSE,0.175888668134134,0.715566806131941
"coffee_leaf_rust",21,0.832397271507849,0.945469849555044,FALSE,0.113072578047195,0.591360560808775
"pecan_scab",1,0.925615922201019,0.930884301503571,FALSE,0.00526837930255175,0.0380961149199011
"pecan_scab",3,0.883227161484219,0.808446351332572,FALSE,-0.0747808101516473,-0.267728097959131
"pecan_scab",4,0.809978542723828,0.901250659881758,FALSE,0.0912721171579292,0.351874599357461
"pecan_scab",6,0.773945012373007,0.892153671322165,FALSE,0.118208658949158,0.40229037423494
"pecan_scab",9,0.951740205252745,0.927965101883302,FALSE,-0.0237751033694436,-0.206404091374104
"pecan_scab",10,0.820832880923067,0.895629674648146,FALSE,0.0747967937250791,0.290315321739
"pecan_scab",13,0.914146499142894,0.933715862255876,FALSE,0.0195693631129821,0.134431692297271
"pecan_scab",14,0.895206260208973,0.863775185732844,FALSE,-0.0314310744761289,-0.139518054164227
"pecan_scab",15,0.79457047132538,0.876704915365767,FALSE,0.0821344440403875,0.277637168791259
"pecan_scab",16,0.632940582168962,0.812298155352025,FALSE,0.179357573183063,0.387441138278624
"pecan_scab",17,0.676315536900323,0.904792620889636,FALSE,0.228477083989313,0.675743300766184
"pecan_scab",18,0.404456300252198,0.819954831429665,FALSE,0.415498531177467,0.727714221690319
"pecan_scab",19,0.925416259863686,0.866663537716453,FALSE,-0.0587527221472325,-0.305971376441478
"pecan_scab",20,0.821776168391995,0.849375817724704,FALSE,0.0275996493327091,0.0916443051804701
"pecan_scab",21,0.958162976311095,0.93176715397989,FALSE,-0.0263958223312057,-0.251357974685334
"pecan_scab",22,0.911340354065021,0.961757353013085,FALSE,0.0504169989480634,0.433444728924333
"pecan_scab",23,0.556940809495536,0.875108581605531,FALSE,0.318167772109996,0.726101179290177
"pecan_scab",24,0.417974310846067,0.914188170772878,FALSE,0.496213859926811,1.1072110044935
"pecan_scab",25,0.799438754928923,0.842067581775833,FALSE,0.0426288268469097,0.131183133040574
"pecan_scab",26,0.829322663976025,0.89647019520935,FALSE,0.0671475312333242,0.26798195345918
"pecan_scab",27,0.956439004239877,0.851678577083181,FALSE,-0.104760427156696,-0.640126478787682
"pecan_scab",28,0.536085991589426,0.879317177426012,FALSE,0.343231185836586,0.774102147762141
"pecan_scab",29,0.911551232579799,0.932203531582757,FALSE,0.0206522990029582,0.138329690798577
"soybean_rust",1,0.902112194155548,0.892087077525028,FALSE,-0.0100251166305204,-0.0513935501124954
"soybean_rust",2,0.906254166236537,0.790192899326958,FALSE,-0.116061266909579,-0.434209042124616
"soybean_rust",3,0.830336359884697,0.886144868953374,FALSE,0.0558085090686773,0.214463135208024
"soybean_rust",4,0.923094563263943,0.865624440678393,FALSE,-0.0574701225855504,-0.294200905471313
"soybean_rust",5,0.772453433712756,0.87783042960785,FALSE,0.105376995895094,0.339848639787695
"soybean_rust",6,0.869308123299922,0.893101275088514,FALSE,0.023793151788592,0.106804286029801
"soybean_rust",7,0.874853169196366,0.707405292118607,FALSE,-0.167447877077759,-0.471428104502273
"soybean_rust",8,0.87066288739718,0.73342102459833,FALSE,-0.13724186279885,-0.399722098764065
"soybean_rust",9,0.887928872713273,0.780305584528824,FALSE,-0.107623288184449,-0.365899596394294
"soybean_rust",10,0.82889043216657,0.855393991087302,FALSE,0.0265035589207323,0.0913394202398341
"soybean_rust",11,0.886416985118373,0.822463455146865,FALSE,-0.0639535299715076,-0.240566309045535
"soybean_rust",12,0.679798952281819,0.85099520677068,FALSE,0.171196254488861,0.43100996346951
"soybean_rust",13,0.710180859693785,0.829377662328154,FALSE,0.119196802634369,0.298590607420713
"soybean_rust",14,0.69462688388545,0.807097540433662,FALSE,0.112470656548213,0.261804545215329
"soybean_rust",15,0.776657788968129,0.830151182342401,FALSE,0.0534933933742725,0.151730532202548
"soybean_rust",16,0.770329246646043,0.884120541400163,FALSE,0.11379129475412,0.373195943383986
"soybean_rust",17,0.732889452956675,0.858466921914577,FALSE,0.125577468957902,0.35254542123254
"soybean_rust",18,0.693706298782944,0.844206960134191,FALSE,0.150500661351247,0.38057306996811
"soybean_rust",19,0.704279063170405,0.753950686832327,FALSE,0.0496716236619225,0.106306423585358
"soybean_rust",20,0.743170168931693,0.835685727235178,FALSE,0.0925155583034859,0.249172775792698
"soybean_rust",21,0.849945438819181,0.966778413097676,FALSE,0.116832974278495,0.784519915678541
"soybean_rust",22,0.893463218586063,0.979017186048947,FALSE,0.0855539674628841,0.83448968962269
"soybean_rust",23,0.86710665544636,0.977400935739276,FALSE,0.110294280292916,0.91451585947926
"soybean_rust",24,0.899890017755457,0.978780670369531,FALSE,0.0788906526140745,0.79602084782247
"soybean_rust",25,0.87319262520675,0.975168203724686,FALSE,0.101975578517936,0.841776780573239
"soybean_rust",26,0.845013520000943,0.982835465334683,FALSE,0.13782194533374,1.13626691919146
"soybean_rust",27,0.857727719214754,0.973868742588034,FALSE,0.11614102337328,0.877625926639655
"soybean_rust",28,0.889102265856204,0.978945990537791,FALSE,0.0898437246815871,0.853990048854334
"soybean_rust",29,0.782134966637712,0.977254008796221,FALSE,0.195119042158509,1.18169189591833
"soybean_rust",30,0.853465225043006,0.972291028257625,FALSE,0.118825803214618,0.863822682765121
"soybean_rust",31,0.825592009694133,0.954456976325606,FALSE,0.128864966631473,0.705473971017331
"soybean_rust",32,0.691483592521161,0.930804374360749,FALSE,0.239320781839588,0.813584030222338
"soybean_rust",33,0.843986653113765,0.96852677100247,FALSE,0.124540117888704,0.833079896533754
"soybean_rust",34,0.859297898771166,0.964241972358754,FALSE,0.104944073587588,0.712388784142285
"soybean_rust",35,0.782541605296429,0.97614661863831,FALSE,0.193605013341881,1.15659507116501
"soybean_rust",36,0.719329681718354,0.932803678273763,FALSE,0.213473996555409,0.773299681541628
"soybean_rust",37,0.666040049406064,0.943580343064087,FALSE,0.277540293658023,0.966142839740293
"soybean_rust",38,0.533321773668558,0.949273916724971,FALSE,0.415952143056413,1.22961011648291
"soybean_rust",39,0.781501449258628,0.940674890584133,FALSE,0.159173441325505,0.69466300491946
"soybean_rust",40,0.799833241399643,0.959432320367073,FALSE,0.15959907896743,0.840569956298191
"tan_spot_wheat",1,0.897866448238364,0.926301282865702,FALSE,0.0284348346273373,0.170583646308619
"tan_spot_wheat",2,0.93518358401353,0.913955237663927,FALSE,-0.0212283463496032,-0.147169520104335
"tan_spot_wheat",3,0.688410316137588,0.826063657918699,FALSE,0.137653341781111,0.33068651144549
"tan_spot_wheat",4,0.803446166365889,0.943577928766727,FALSE,0.140131762400839,0.661453568339069
"tan_spot_wheat",5,0.679882446469816,0.931554746248331,FALSE,0.251672299778515,0.841127750346927
"tan_spot_wheat",6,0.732665265183676,0.860774921068306,FALSE,0.12810965588463,0.361870925863841
"tan_spot_wheat",7,0.894562572532838,0.923402650066285,FALSE,0.0288400775334468,0.167331522023591
"tan_spot_wheat",8,0.89302136835087,0.909976116001891,FALSE,0.0169547476510208,0.0907353372208575
"tan_spot_wheat",9,0.36488047935612,0.897134254143534,FALSE,0.532253774787414,1.07483304965828
"tan_spot_wheat",10,0.857310463191872,0.729092560879113,FALSE,-0.128217902312759,-0.356319362407654
"tan_spot_wheat",11,0.932727406284428,0.953830077841943,FALSE,0.0211026715575157,0.193641898495619
"tan_spot_wheat",12,0.895442437477772,0.91068618975804,FALSE,0.0152437522802685,0.0827958915299183
"tan_spot_wheat",13,0.914774321256647,0.870186633722242,FALSE,-0.0445876875344052,-0.222178265275875
"tan_spot_wheat",14,0.902745165433223,0.930727098808721,FALSE,0.0279819333754978,0.176939950142302
"tan_spot_wheat",15,0.806040581719352,0.905724629076302,FALSE,0.0996840473569506,0.387577184583156
"tan_spot_wheat",16,0.689324731050428,0.939031614323142,FALSE,0.249706883272714,0.883126276033084
"tan_spot_wheat",17,0.83157962243693,0.836301502704557,FALSE,0.00472188026762721,0.0155057581867266
"tan_spot_wheat",18,0.954469458001069,0.845904653833331,FALSE,-0.108564804167737,-0.638168741658146
"tan_spot_wheat",19,0.728903947762787,0.943705837188928,FALSE,0.214801889426141,0.844495534723536
"tan_spot_wheat",20,0.863727787710661,0.841526562677987,FALSE,-0.0222012250326737,-0.0814581664257585
"tan_spot_wheat",21,0.92434927040795,0.929333936037462,FALSE,0.00498466562951216,0.0353742953044316
"tan_spot_wheat",22,0.889927937561449,0.929471422829738,FALSE,0.0395434852682894,0.232912338956487
"tan_spot_wheat",23,0.935801380935808,0.969346708775545,FALSE,0.0335453278397374,0.378211069894677
"tan_spot_wheat",24,0.925371261647609,0.863216277678875,FALSE,-0.0621549839687343,-0.319344989986739
"tan_spot_wheat",25,0.861404259956966,0.868838558102272,FALSE,0.00743429814530616,0.0295591849813814
"tan_spot_wheat",26,0.847950222158799,0.967382507373692,FALSE,0.119432285214893,0.800993085480412
"tan_spot_wheat",27,0.863682688458063,0.948706017909997,FALSE,0.0850233294519346,0.511011502799583
"tan_spot_wheat",28,0.79732748929406,0.959365028952861,FALSE,0.162037539658801,0.846640999705679
"tan_spot_wheat",29,0.907719252131991,0.921983013583536,FALSE,0.0142637614515453,0.0876790064847057
"tan_spot_wheat",30,0.930888233835013,0.875568881294964,FALSE,-0.0553193525400485,-0.308547705411894
"tan_spot_wheat",31,0.889354481175631,0.93254647508775,FALSE,0.0431919939121187,0.258748025059931
"tan_spot_wheat",32,0.941895144532534,0.934086867735986,FALSE,-0.00780827679654827,-0.0650587643971099
"tan_spot_wheat",33,0.788688525949718,0.928983301830359,FALSE,0.140294775880641,0.582964291847199
"tan_spot_wheat",34,0.888762951152885,0.869077801489275,FALSE,-0.0196851496636096,-0.0867083397477943
"tan_spot_wheat",35,0.692883780278123,0.919473612614532,FALSE,0.226589832336408,0.732129426132606
"tan_spot_wheat",36,0.844949775728379,0.889894685409705,FALSE,0.0449449096813255,0.183190414536502
"tan_spot_wheat",37,0.915149529253541,0.940436099511258,FALSE,0.0252865702577171,0.18347894210682
"tan_spot_wheat",38,0.698689804868485,0.888680178121901,FALSE,0.189990373253417,0.550876980960335
"xylella_tobacco",1,0.651318218192567,0.891652977980953,FALSE,0.240334759788387,0.652348806402142
"xylella_tobacco",2,0.754324490034207,0.753978643966673,FALSE,-0.000345846067533406,-0.000801951944194079
"xylella_tobacco",3,0.823728513575355,0.810842308188589,FALSE,-0.0128862053867655,-0.0388233055008025
"xylella_tobacco",4,0.652753160337426,0.759942651139416,FALSE,0.10718949080199,0.215998388353471
"xylella_tobacco",5,0.554150415696176,0.794428847897474,FALSE,0.240278432201297,0.458973584061696
"xylella_tobacco",6,0.629927603246731,0.754905286855886,FALSE,0.124977683609154,0.242966611254279
"xylella_tobacco",7,0.846925572299497,0.85402851908489,FALSE,0.00710294678539292,0.0256757189289136
"xylella_tobacco",8,0.708265304297676,0.81011119225468,FALSE,0.101845887957004,0.243657998164783
"xylella_tobacco",9,0.810501500329865,0.828075192030382,FALSE,0.0175736917005168,0.0534918078483109
"xylella_tobacco",10,0.304541671243351,0.752026655648839,FALSE,0.447484984405488,0.663085636807686
"xylella_tobacco",11,0.582948379722053,0.72690540869788,FALSE,0.143957028975827,0.255216817362251
"xylella_tobacco",12,0.644777830755589,0.778751781137021,FALSE,0.133973950381431,0.275882371511713
"xylella_tobacco",13,0.343289644920351,0.705508247189302,FALSE,0.362218602268951,0.520366828453007
"xylella_tobacco",14,0.467966861809094,0.735923111413165,FALSE,0.267956249604071,0.434063220101493
"xylella_tobacco",15,0.487775968517215,0.771971208511769,FALSE,0.284195239994554,0.492050214568588
"xylella_tobacco",16,0.348789957563798,0.742602299809355,FALSE,0.393812342245557,0.592190791720414
"xylella_tobacco",17,0.409464020449469,0.861161756103102,FALSE,0.451697735653634,0.862856204965819
"xylella_tobacco",18,0.380003984810662,0.713026433353731,FALSE,0.333022448543069,0.493249102604006
"xylella_tobacco",19,0.761265160267534,0.808660443173762,FALSE,0.0473952829062286,0.123928968759257
"xylella_tobacco",20,0.426030689300808,0.531867145058707,FALSE,0.1058364557579,0.137708150055451
"xylella_tobacco",21,0.376243777556191,0.57122335401587,FALSE,0.194979576459679,0.253660056417875
"xylella_tobacco",22,0.738297502243834,0.831404380541007,FALSE,0.0931068782971735,0.245941098407284
"xylella_tobacco",23,0.55330656601127,0.771258444609739,FALSE,0.21795187859847,0.400292047322641
"xylella_tobacco",24,0.602059163983551,0.72061305468428,FALSE,0.118553890700728,0.212548247222998
"xylella_tobacco",25,0.765149661761496,0.725592311909796,FALSE,-0.0395573498517003,-0.089165790398773
"xylella_tobacco",26,0.714392981314701,0.743400329847016,FALSE,0.0290073485323152,0.061938993123853
"xylella_tobacco",27,0.808179219635874,0.774823325789144,FALSE,-0.0333558938467305,-0.0894716560248954
"xylella_tobacco",28,0.840251791715604,0.820079144270339,FALSE,-0.0201726474452641,-0.0649703029680024
"xylella_tobacco",29,0.672706824814982,0.85683018400361,FALSE,0.184123359188628,0.465626271795459
"xylella_tobacco",30,0.461887091643464,0.753849142231586,FALSE,0.291962050588121,0.482104283396942
"xylella_tobacco",31,0.656703870928848,0.558207174640212,FALSE,-0.0984966962886363,-0.156770860838577
"xylella_tobacco",32,0.792387027765923,0.670380557230397,FALSE,-0.122006470535526,-0.26637996838233
"xylella_tobacco",33,0.56192102889609,0.534692626490555,FALSE,-0.0272284024055349,-0.038942693428844
"xylella_tobacco",34,0.670365220124886,0.705336600997512,FALSE,0.0349713808726264,0.0664359216853475
"xylella_tobacco",35,0.864635348413037,0.86208682998218,FALSE,-0.00254851843085779,-0.0100098622283067
"xylella_tobacco",36,0.511403864979423,0.623107383688046,FALSE,0.111703518708623,0.165439729099637
"xylella_tobacco",37,0.760169746013985,0.793251445654515,FALSE,0.0330816996405298,0.0835241138203702
"xylella_tobacco",38,0.689290018945813,0.811237995395497,FALSE,0.121947976449684,0.284037603464942
"xylella_tobacco",39,0.772566511726769,0.815701478127483,FALSE,0.0431349664007143,0.117172185698792
"xylella_tobacco",40,0.71529005376899,0.79468223183109,FALSE,0.0793921780620995,0.186078922326552
"xylella_tobacco",41,0.70402047448864,0.852658179417076,FALSE,0.148637704928436,0.39058305075387
"xylella_tobacco",42,0.559859264220355,0.64049700835832,FALSE,0.0806377441379655,0.12638783943378
"xylella_tobacco",43,0.858372043427575,0.773398614254474,FALSE,-0.0849734291731011,-0.25839595060574
"xylella_tobacco",44,0.719426897866878,0.687280785468019,FALSE,-0.0321461123988591,-0.063672105523622
"xylella_tobacco",45,0.525895707225155,0.663396856663529,FALSE,0.137501149438374,0.214401464172976
"xylella_tobacco",46,0.573842551307917,0.686204158497378,FALSE,0.112361607189461,0.187513058173518
"xylella_tobacco",47,0.488527869195956,0.659236363853498,FALSE,0.170708494657542,0.257336930653575
"xylella_tobacco",48,0.71317836148517,0.73870874954814,FALSE,0.0255303880629699,0.0540086351294813
"xylella_tobacco",49,0.520570717081771,0.742243211206089,FALSE,0.221672494124318,0.378333844975939
"xylella_tobacco",50,0.738429906109668,0.648304172057551,FALSE,-0.0901257340521173,-0.17464987598865
