"study","k","observed_pairs","replicates","valid_replicates","alpha","delta_ccc","baseline_ccc","target_ccc","delta_z","analytic_t_power","empirical_type1","type1_mcse","empirical_power","power_mcse","boot_mean_ci_low","boot_mean_ci_high","bootstrap_mean_skewness","bootstrap_mean_excess_kurtosis"
"alternaria_pecan",5,34,5000,5000,0.05,0.05,0.926399315610867,0.976399315610867,0.581501327075615,0.875668125023803,0.0542,0.00320194815698193,0.923,0.00377017240985077,0.0938763618719527,0.625913514759376,0.237362558674442,0.0337402183059785
"alternaria_pecan",10,34,5000,5000,0.05,0.05,0.926399315610867,0.976399315610867,0.581501327075615,0.999485730479713,0.054,0.00319637294444813,1,0,0.166243677127564,0.548788010388483,0.195597760152596,-0.00439078162091944
"alternaria_pecan",20,34,5000,5000,0.05,0.05,0.926399315610867,0.976399315610867,0.581501327075615,0.999999998951663,0.0512,0.0031170036894428,1,0,0.213214965283423,0.481555264619008,0.030040623194936,-0.0920381929401008
"alternaria_pecan",34,34,5000,5000,0.05,0.05,0.926399315610867,0.976399315610867,0.581501327075615,1,0.0502,0.00308804015517933,1,0,0.249834839234447,0.455597648624132,0.109908669650684,0.0679473561534745
"botrytis_gerbera",5,36,5000,5000,0.05,0.05,0.739965217459279,0.789965217459279,0.120936658969211,0.110642182402519,0.0396,0.00275796446677618,0.0824,0.00388870775451177,-0.0788473245283305,0.431961387107876,0.372391152948584,0.367923734850633
"botrytis_gerbera",10,36,5000,5000,0.05,0.05,0.739965217459279,0.789965217459279,0.120936658969211,0.213219534353611,0.0494,0.0030646252625729,0.1958,0.00561181539254456,-0.0176799624322253,0.347403187013814,0.285720164220415,0.185644416424181
"botrytis_gerbera",20,36,5000,5000,0.05,0.05,0.739965217459279,0.789965217459279,0.120936658969211,0.413560770881413,0.0532,0.00317394895989208,0.4236,0.00698803319969217,0.0326006902729432,0.286570329652423,0.17367524335503,0.0980596841542116
"botrytis_gerbera",36,36,5000,5000,0.05,0.05,0.739965217459279,0.789965217459279,0.120936658969211,0.667375427301822,0.0534,0.00317957355631223,0.679,0.00660240865139382,0.0573984005625922,0.252775812558803,0.113647994612266,0.157241489967697
"botrytis_gerbera",49,36,5000,5000,0.05,0.05,0.739965217459279,0.789965217459279,0.120936658969211,0.803123513725491,0.0528,0.00316266216975509,0.827,0.00534922424282251,0.0736161543753243,0.237469015581573,0.0988187603414692,-0.00709897919866487
"brown_spot",5,40,5000,5000,0.05,0.05,0.533100225835381,0.583100225835381,0.0726809456057382,0.0719963914149543,0.0492,0.00305873699425106,0.0752,0.00372947610261817,0.432252454265041,0.945065078297635,-0.131134941900496,0.147602779854056
"brown_spot",10,40,5000,5000,0.05,0.05,0.533100225835381,0.583100225835381,0.0726809456057382,0.108380081877491,0.0564,0.00326248494249399,0.124,0.00466098701993473,0.500961400701381,0.879214247850296,-0.0297292214666043,0.112572332403388
"brown_spot",20,40,5000,5000,0.05,0.05,0.533100225835381,0.583100225835381,0.0726809456057382,0.183723373220232,0.0544,0.0032075111847038,0.1968,0.00562262856678262,0.561946283856701,0.821076463571526,-0.0366215039400449,0.122322365332435
"brown_spot",40,40,5000,5000,0.05,0.05,0.533100225835381,0.583100225835381,0.0726809456057382,0.3339148776386,0.0536,0.00318518570887162,0.3486,0.00673911032703873,0.595593745382602,0.780530727081901,-0.104029786760663,0.0979896986395881
"brown_spot",130,40,5000,5000,0.05,0.05,0.533100225835381,0.583100225835381,0.0726809456057382,0.801508366489032,0.0502,0.00308804015517933,0.7912,0.00574808768200347,0.640709407137294,0.74208617138642,-0.0483751406393993,-0.0678908935913478
"canker_ripe_orange",5,15,5000,5000,0.05,0.05,0.819229533469529,0.869229533469529,0.175448858440412,0.299721600126638,0.0858,0.00396076659246667,0.1962,0.00561614743396218,0.673184321342989,1.0342967300244,0.315836738861427,-0.181402605614917
"canker_ripe_orange",10,15,5000,5000,0.05,0.05,0.819229533469529,0.869229533469529,0.175448858440412,0.650847576742882,0.0612,0.00338982477423244,0.696,0.00650513643208196,0.72293743052944,0.976840151471772,0.276617192780159,-0.0964415091092232
"canker_ripe_orange",14,15,5000,5000,0.05,0.05,0.819229533469529,0.869229533469529,0.175448858440412,0.821235202900033,0.0688,0.00357956868910208,0.8934,0.00436431987828573,0.732142664408136,0.957904985396728,0.270272978414989,0.0359311078521491
"canker_ripe_orange",15,15,5000,5000,0.05,0.05,0.819229533469529,0.869229533469529,0.175448858440412,0.850471292069863,0.063,0.00343601513384327,0.927,0.00367888570086106,0.737921251354093,0.949850911727107,0.215472489861383,-0.00886364567487519
"canker_ripe_orange",20,15,5000,5000,0.05,0.05,0.819229533469529,0.869229533469529,0.175448858440412,0.941921822303052,0.0592,0.0033375248313683,0.9856,0.00168479316237929,0.749879700558782,0.9354701638328,0.20543797698919,0.0879168031678867
"coffee_leaf_rust",5,21,5000,5000,0.05,0.05,0.849940029697019,0.899940029697019,0.215967203560389,0.159130231939585,0.0932,0.00411129565952146,0.1986,0.0056419507264775,-0.164654583443918,0.529871354909065,-0.270259072515266,-0.0770751488733854
"coffee_leaf_rust",10,21,5000,5000,0.05,0.05,0.849940029697019,0.899940029697019,0.215967203560389,0.341616657240082,0.0608,0.00337944847571316,0.3418,0.00670779785026353,-0.0379953519321737,0.438083201637911,-0.130134065581094,-0.0981611105199343
"coffee_leaf_rust",20,21,5000,5000,0.05,0.05,0.849940029697019,0.899940029697019,0.215967203560389,0.643597174082485,0.056,0.00325158422926425,0.6262,0.00684212773923434,0.0327592646600012,0.376101099477836,-0.118889794024093,-0.000261803379249859
"coffee_leaf_rust",21,21,5000,5000,0.05,0.05,0.849940029697019,0.899940029697019,0.215967203560389,0.667100995430581,0.06,0.00335857112474933,0.6492,0.00674891635746066,0.0325154097526722,0.374495471110343,-0.159874043119499,-0.0995498668009849
"coffee_leaf_rust",29,21,5000,5000,0.05,0.05,0.849940029697019,0.899940029697019,0.215967203560389,0.813675600342547,0.055,0.0032241277890307,0.7864,0.00579612008157181,0.0571207333102964,0.347740994521005,-0.140438629911501,0.0650658881378248
"pecan_scab",5,23,5000,5000,0.05,0.05,0.78727930005409,0.83727930005409,0.147768060087099,0.0953402303347356,0.044,0.00290048271844533,0.0988,0.00421991848262499,-0.12906675879672,0.585950381352957,0.0423589829692671,-0.0132656560426576
"pecan_scab",10,23,5000,5000,0.05,0.05,0.78727930005409,0.83727930005409,0.147768060087099,0.17167115461902,0.053,0.00316831185333767,0.1716,0.00533204351070019,-0.0264940863473226,0.481889451540763,0.0295095295155352,-0.077818701490854
"pecan_scab",20,23,5000,5000,0.05,0.05,0.78727930005409,0.83727930005409,0.147768060087099,0.325968820378189,0.0504,0.00309385972532693,0.3154,0.00657149663318791,0.0371061537895642,0.399048476265292,-0.0272484274399516,0.0542542225339235
"pecan_scab",23,23,5000,5000,0.05,0.05,0.78727930005409,0.83727930005409,0.147768060087099,0.370441661247595,0.05,0.00308220700148449,0.3682,0.00682097881539006,0.0504523276650776,0.393528424107262,-0.0570495984181623,0.0171188057499667
"pecan_scab",65,23,5000,5000,0.05,0.05,0.78727930005409,0.83727930005409,0.147768060087099,0.80506769785139,0.0512,0.0031170036894428,0.8036,0.00561831006620318,0.122072964639227,0.324896498106974,0.0158440502174275,0.00855111568255129
"soybean_rust",5,40,5000,5000,0.05,0.05,0.804297987746911,0.854297987746911,0.161182112068115,0.0891338341761849,0.068,0.00356022471200906,0.1252,0.00468027691488442,0.0290594026698299,0.878305699773318,-0.182200557199284,-0.217687085872127
"soybean_rust",10,40,5000,5000,0.05,0.05,0.804297987746911,0.854297987746911,0.161182112068115,0.154795108955157,0.0646,0.00347640158784914,0.1814,0.00544966127387749,0.160255485824314,0.767462447769201,-0.141998706543603,-0.0954174290782768
"soybean_rust",20,40,5000,5000,0.05,0.05,0.804297987746911,0.854297987746911,0.161182112068115,0.288896806360371,0.0552,0.0032296427046966,0.3034,0.00650151428514927,0.253894852563959,0.686597253210449,-0.0806590624629365,-0.00710829788668832
"soybean_rust",40,40,5000,5000,0.05,0.05,0.804297987746911,0.854297987746911,0.161182112068115,0.530505904462822,0.0558,0.00324611644892786,0.518,0.00706648427437577,0.317208500461085,0.624009157192326,-0.0563690616194625,-0.101419275109266
"soybean_rust",74,40,5000,5000,0.05,0.05,0.804297987746911,0.854297987746911,0.161182112068115,0.800233083541353,0.0508,0.00310545842026584,0.7884,0.00577625207206195,0.361593414607281,0.582739061856807,-0.0516715500803442,0.105704347131572
"tan_spot_wheat",5,38,5000,5000,0.05,0.05,0.837151593639496,0.887151593639496,0.196813319027122,0.137549063010397,0.0608,0.00337944847571316,0.11,0.00442492937796752,-0.0985877976717206,0.615754398206417,0.0516868903429634,-0.0389506139754729
"tan_spot_wheat",10,38,5000,5000,0.05,0.05,0.837151593639496,0.887151593639496,0.196813319027122,0.28533938075028,0.0554,0.00323514574633045,0.2638,0.00623232797596532,0.00218961503332183,0.499510938111119,0.0457612365840885,-0.0658097426178723
"tan_spot_wheat",20,38,5000,5000,0.05,0.05,0.837151593639496,0.887151593639496,0.196813319027122,0.550817864724888,0.0518,0.0031342227106573,0.5464,0.00704055452361531,0.0738951606736261,0.423329979550127,-0.00511338132740601,-0.141867640349607
"tan_spot_wheat",35,38,5000,5000,0.05,0.05,0.837151593639496,0.887151593639496,0.196813319027122,0.806916398842617,0.0504,0.00309385972532693,0.8076,0.00557462536857859,0.116913920373447,0.381505465328726,0.0332994998211565,-0.00746349385581135
"tan_spot_wheat",38,38,5000,5000,0.05,0.05,0.837151593639496,0.887151593639496,0.196813319027122,0.839457746917259,0.0482,0.00302908435009658,0.8386,0.00520288458453577,0.122334977524479,0.374422181164209,0.0528248250980561,-0.00389576597317909
"xylella_tobacco",5,50,5000,5000,0.05,0.05,0.630361600240465,0.680361600240465,0.0877710256765393,0.0945976377579306,0.053,0.00316831185333767,0.078,0.00379251895183136,-0.00546993297367193,0.426519920938416,0.180843762641086,0.0468158252306474
"xylella_tobacco",10,50,5000,5000,0.05,0.05,0.630361600240465,0.680361600240465,0.0877710256765393,0.16965168118445,0.058,0.00330563155841664,0.1498,0.00504697850203466,0.0523887853748137,0.361816682009738,0.0738894605722183,-0.0195617017376191
"xylella_tobacco",20,50,5000,5000,0.05,0.05,0.630361600240465,0.680361600240465,0.0877710256765393,0.321573850598417,0.053,0.00316831185333767,0.3084,0.00653130063616735,0.0935352824701444,0.316878776753975,0.0876879552544852,-0.129081285414984
"xylella_tobacco",50,50,5000,5000,0.05,0.05,0.630361600240465,0.680361600240465,0.0877710256765393,0.684950852484549,0.0524,0.00315132480077824,0.6944,0.00651473161381188,0.134372173660663,0.273139715752476,0.0148678004244609,-0.0403739144748303
"xylella_tobacco",66,50,5000,5000,0.05,0.05,0.630361600240465,0.680361600240465,0.0877710256765393,0.804828174728239,0.0504,0.00309385972532693,0.814,0.00550279928763534,0.143263582460186,0.262018779466077,0.0656478782332873,0.0405920001309865
"botrytis_gerbera",5,36,5000,5000,0.05,0.1,0.739965217459279,0.839965217459279,0.270652881705052,0.350133102726193,0.0432,0.00287519599331941,0.3922,0.00690476878686028,-0.0927721660223104,0.428185356252942,0.26937371397731,0.286280654487769
"botrytis_gerbera",10,36,5000,5000,0.05,0.1,0.739965217459279,0.839965217459279,0.270652881705052,0.733687920831528,0.0542,0.00320194815698193,0.7778,0.00587923736550924,-0.0243338713463572,0.349396599877055,0.210266898564299,0.135763294453491
"botrytis_gerbera",12,36,5000,5000,0.05,0.1,0.739965217459279,0.839965217459279,0.270652881705052,0.824512152627854,0.053,0.00316831185333767,0.8712,0.00473731062946056,-0.00601215352589955,0.324484709029847,0.224105740742224,0.178724347830221
"botrytis_gerbera",20,36,5000,5000,0.05,0.1,0.739965217459279,0.839965217459279,0.270652881705052,0.973158198662108,0.06,0.00335857112474933,0.9866,0.00162606518934512,0.0279210726579117,0.288258967941556,0.22472457349196,0.22672490160856
"botrytis_gerbera",36,36,5000,5000,0.05,0.1,0.739965217459279,0.839965217459279,0.270652881705052,0.999651170963127,0.0526,0.00315699984162179,0.9998,0.000199979998999889,0.0586247105797047,0.253309675590193,0.0891042044789734,0.0294037988331448
"brown_spot",5,40,5000,5000,0.05,0.1,0.533100225835381,0.633100225835381,0.152107056596919,0.147631897221605,0.0492,0.00305873699425106,0.1468,0.0050049927072874,0.427349340892706,0.943507845460636,-0.0716705654777303,0.0168992364914851
"brown_spot",10,40,5000,5000,0.05,0.1,0.533100225835381,0.633100225835381,0.152107056596919,0.311843583947301,0.0492,0.00305873699425106,0.3426,0.00671156077227943,0.505141479938919,0.871348500103813,-0.0653860065478591,0.0215081263084254
"brown_spot",20,40,5000,5000,0.05,0.1,0.533100225835381,0.633100225835381,0.152107056596919,0.596111147788581,0.054,0.00319637294444813,0.6016,0.00692354591231978,0.558246019358848,0.82125262078208,-0.0896355070546741,0.0356691450171844
"brown_spot",32,40,5000,5000,0.05,0.1,0.533100225835381,0.633100225835381,0.152107056596919,0.81177742340979,0.046,0.00296256645495084,0.806,0.00559220886591336,0.590648035403933,0.79207201100635,0.0124149955094102,0.101339484640429
"brown_spot",40,40,5000,5000,0.05,0.1,0.533100225835381,0.633100225835381,0.152107056596919,0.89274550942156,0.0526,0.00315699984162179,0.8826,0.00455230139599741,0.59803571506728,0.783982702404386,-0.035068572076892,-0.0311460491140809
"canker_ripe_orange",5,15,5000,5000,0.05,0.1,0.819229533469529,0.919229533469529,0.429563721479021,0.91838602410678,0.0882,0.00401050520508327,0.99,0.00140712472794703,0.671833047055424,1.03366299379437,0.34219765011698,-0.157954700492101
"canker_ripe_orange",10,15,5000,5000,0.05,0.1,0.819229533469529,0.919229533469529,0.429563721479021,0.999895956368514,0.072,0.00365557109081468,1,0,0.716972486165185,0.974329938578547,0.273527692108917,-0.0583682340866756
"canker_ripe_orange",15,15,5000,5000,0.05,0.1,0.819229533469529,0.919229533469529,0.429563721479021,0.999999950643144,0.0654,0.00349636496950762,1,0,0.736521500210786,0.94522609372973,0.190157855686926,-0.00171018089785724
"canker_ripe_orange",20,15,5000,5000,0.05,0.1,0.819229533469529,0.919229533469529,0.429563721479021,0.999999999984985,0.059,0.00333223648620562,1,0,0.747663676924884,0.932349941530866,0.110440808091052,-0.02815988292538
"coffee_leaf_rust",5,21,5000,5000,0.05,0.1,0.849940029697019,0.949940029697019,0.575229359679018,0.689292435663284,0.0926,0.00409939605307904,0.6198,0.00686509956227876,-0.13938681027982,0.524221045306486,-0.187929342486957,-0.151272760380579
"coffee_leaf_rust",6,21,5000,5000,0.05,0.1,0.849940029697019,0.949940029697019,0.575229359679018,0.813652462086355,0.082,0.00388010309141394,0.7656,0.00599093715540399,-0.118517785393389,0.499171527902714,-0.276629665679099,-0.100815706150617
"coffee_leaf_rust",10,21,5000,5000,0.05,0.1,0.849940029697019,0.949940029697019,0.575229359679018,0.983316871505081,0.0618,0.00340531232047811,0.9742,0.00224206868761865,-0.0497317589002902,0.43858665222085,-0.220271904096314,-0.0821014297291462
"coffee_leaf_rust",20,21,5000,5000,0.05,0.1,0.849940029697019,0.949940029697019,0.575229359679018,0.999987739198704,0.0534,0.00317957355631223,1,0,0.0359972840642375,0.377225124953587,-0.0666139180086502,-0.0704472986129043
"coffee_leaf_rust",21,21,5000,5000,0.05,0.1,0.849940029697019,0.949940029697019,0.575229359679018,0.999994338888126,0.0512,0.0031170036894428,1,0,0.0421299793783681,0.368745821981132,-0.129794806805612,-0.0132390007447434
"pecan_scab",5,23,5000,5000,0.05,0.1,0.78727930005409,0.88727930005409,0.344754354467715,0.297159803135114,0.051,0.00311123769583746,0.2716,0.0062902057200063,-0.136337098697501,0.590287151304991,0.00951067387173829,-0.13215611364854
"pecan_scab",10,23,5000,5000,0.05,0.1,0.78727930005409,0.88727930005409,0.344754354467715,0.646236950142769,0.0548,0.00321860093829602,0.6332,0.00681553754299688,-0.0345346317132698,0.482520754226731,0.0183003961347501,-0.0117278377368675
"pecan_scab",14,23,5000,5000,0.05,0.1,0.78727930005409,0.88727930005409,0.344754354467715,0.817205747068925,0.0498,0.00307636018697421,0.8326,0.00527972044714491,0.00600535069079296,0.431709794662747,-0.0142851016761609,-0.100804597125501
"pecan_scab",20,23,5000,5000,0.05,0.1,0.78727930005409,0.88727930005409,0.344754354467715,0.939703479365735,0.0532,0.00317394895989208,0.9424,0.00329491244193226,0.0382413402214351,0.40597139614589,0.0177590010830355,-0.151059620442034
"pecan_scab",23,23,5000,5000,0.05,0.1,0.78727930005409,0.88727930005409,0.344754354467715,0.966724501063229,0.0514,0.00312275647465504,0.968,0.00248901586977665,0.0514998704007533,0.391256028055436,-0.0224109856426385,-0.0788669413128535
"soybean_rust",5,40,5000,5000,0.05,0.1,0.804297987746911,0.904297987746911,0.38464783619228,0.274226477635575,0.066,0.00351123909752668,0.2962,0.0064570203654627,0.0324843188010353,0.873649496402192,-0.183888932426821,-0.243821134630417
"soybean_rust",10,40,5000,5000,0.05,0.1,0.804297987746911,0.904297987746911,0.38464783619228,0.603212303859691,0.0604,0.00336903072114221,0.5758,0.00698933988299324,0.168247822610662,0.766417115614407,-0.1355133777641,-0.0803709388482052
"soybean_rust",15,40,5000,5000,0.05,0.1,0.804297987746911,0.904297987746911,0.38464783619228,0.809711459084699,0.0524,0.00315132480077824,0.794,0.00571951046856285,0.226554643110998,0.709027768853404,-0.127546591172867,-0.108137640542233
"soybean_rust",20,40,5000,5000,0.05,0.1,0.804297987746911,0.904297987746911,0.38464783619228,0.916273530438406,0.0492,0.00305873699425106,0.9022,0.00420083705944422,0.253280588322491,0.674998869110363,-0.129875156586535,-0.105663016802899
"soybean_rust",40,40,5000,5000,0.05,0.1,0.804297987746911,0.904297987746911,0.38464783619228,0.998115661235909,0.0556,0.00324063697442339,0.9956,0.000936017093861,0.314053717576451,0.623182388294657,-0.0878145010376935,0.160758842991857
"tan_spot_wheat",5,38,5000,5000,0.05,0.1,0.837151593639496,0.937151593639496,0.502548242738112,0.565855273815633,0.0554,0.00323514574633045,0.5546,0.00702878140220622,-0.0969872190637115,0.600628623817012,0.0365736577390711,-0.00994848869087139
"tan_spot_wheat",8,38,5000,5000,0.05,0.1,0.837151593639496,0.937151593639496,0.502548242738112,0.859535729042679,0.057,0.00327874976172321,0.873,0.00470894892730851,-0.0223894716182577,0.534274347329724,0.0285614431031102,-0.114988704803958
"tan_spot_wheat",10,38,5000,5000,0.05,0.1,0.837151593639496,0.937151593639496,0.502548242738112,0.940812212194241,0.0498,0.00307636018697421,0.9568,0.00287519599331941,0.00640172351838899,0.501291024393428,0.0604665929670447,-0.0873544976970475
"tan_spot_wheat",20,38,5000,5000,0.05,0.1,0.837151593639496,0.937151593639496,0.502548242738112,0.999603205430836,0.0532,0.00317394895989208,1,0,0.0746679176315241,0.423866807420202,0.0875003893111135,0.0733855186513486
"tan_spot_wheat",38,38,5000,5000,0.05,0.1,0.837151593639496,0.937151593639496,0.502548242738112,0.999999987275074,0.0494,0.0030646252625729,1,0,0.125362047456193,0.379851738181346,0.0485614665956023,-0.0770504590628329
"xylella_tobacco",5,50,5000,5000,0.05,0.1,0.630361600240465,0.730361600240465,0.187486000940279,0.254928520195403,0.0512,0.0031170036894428,0.2058,0.00571745327921444,-0.011422473143929,0.418997571072647,0.10761640253162,-0.0641873207936721
"xylella_tobacco",10,50,5000,5000,0.05,0.1,0.630361600240465,0.730361600240465,0.187486000940279,0.564569336725186,0.0536,0.00318518570887162,0.5612,0.00701789940081788,0.0507185830809544,0.358255931503958,0.0430906078274025,-0.193779127905789
"xylella_tobacco",16,50,5000,5000,0.05,0.1,0.630361600240465,0.730361600240465,0.187486000940279,0.8030192629643,0.0522,0.00314563697841947,0.8248,0.00537596428559566,0.0822768191889464,0.326417957151657,0.0819390394020595,-0.01294289274129
"xylella_tobacco",20,50,5000,5000,0.05,0.1,0.630361600240465,0.730361600240465,0.187486000940279,0.890739398867581,0.053,0.00316831185333767,0.9088,0.00407142628571364,0.0939441939064947,0.3131128496158,0.0612980973906733,0.104446649428245
"xylella_tobacco",50,50,5000,5000,0.05,0.1,0.630361600240465,0.730361600240465,0.187486000940279,0.999429899998628,0.0496,0.00307049963361014,1,0,0.133410932379455,0.272265688209211,0.0470682982532576,-0.0954847039048206
"botrytis_gerbera",5,36,5000,5000,0.05,0.15,0.739965217459279,0.889965217459279,0.471356091362833,0.761312594664743,0.0418,0.00283029185774188,0.7978,0.00568005563353036,-0.0833469953819908,0.427596016216462,0.333397689638477,0.237890794053543
"botrytis_gerbera",6,36,5000,5000,0.05,0.15,0.739965217459279,0.889965217459279,0.471356091362833,0.874449764280537,0.0476,0.00301112072159188,0.8938,0.00435709903490843,-0.0665690302332089,0.414160329517079,0.288460731297439,0.149596785713982
"botrytis_gerbera",10,36,5000,5000,0.05,0.15,0.739965217459279,0.889965217459279,0.471356091362833,0.993870946201231,0.0556,0.00324063697442339,0.9978,0.000662594898863548,-0.021419486492145,0.352276988648377,0.286514431465988,0.118056374436204
"botrytis_gerbera",20,36,5000,5000,0.05,0.15,0.739965217459279,0.889965217459279,0.471356091362833,0.999999191060058,0.0556,0.00324063697442339,1,0,0.0309406757707138,0.289187528141835,0.153575385793415,0.0656088043557665
"botrytis_gerbera",36,36,5000,5000,0.05,0.15,0.739965217459279,0.889965217459279,0.471356091362833,0.9999999999999,0.0526,0.00315699984162179,1,0,0.0612102665970553,0.253215777176699,0.13806564052981,0.0277530592630719
"brown_spot",5,40,5000,5000,0.05,0.15,0.533100225835381,0.683100225835381,0.240437276457941,0.292603436479883,0.051,0.00311123769583746,0.2998,0.00647950553669028,0.423728179279227,0.934569211148245,-0.138124076748265,-0.0239949778094388
"brown_spot",10,40,5000,5000,0.05,0.15,0.533100225835381,0.683100225835381,0.240437276457941,0.637939621001083,0.0496,0.00307049963361014,0.649,0.00674979999703695,0.505182037261675,0.87144219498007,-0.0544051595549084,0.101381420004087
"brown_spot",14,40,5000,5000,0.05,0.15,0.533100225835381,0.683100225835381,0.240437276457941,0.809861299733974,0.0472,0.00299907185642492,0.7914,0.00574606021548678,0.533159642727658,0.842080814493885,-0.0536126350463333,-0.0839668308989481
"brown_spot",20,40,5000,5000,0.05,0.15,0.533100225835381,0.683100225835381,0.240437276457941,0.935572690574365,0.0432,0.00287519599331941,0.9244,0.00373857298979169,0.562620271843659,0.817651444333107,-0.0748810017583754,-0.000871039688123521
"brown_spot",40,40,5000,5000,0.05,0.15,0.533100225835381,0.683100225835381,0.240437276457941,0.999026709429638,0.052,0.00313993630508646,0.9982,0.000599459756781058,0.599894878563272,0.783464790578675,-0.0216588409594046,0.0294731984639229
"canker_ripe_orange",3,15,5000,4979,0.05,0.15,0.819229533469529,0.969229533469529,0.924951011494222,0.943388276295673,0.0797348865233983,0.00383892481334741,0.983129142398072,0.00182516781443633,0.641897445820404,1.10094588939986,0.42009749843349,-0.169931425896002
"canker_ripe_orange",5,15,5000,5000,0.05,0.15,0.819229533469529,0.969229533469529,0.924951011494222,0.999999314126585,0.083,0.00390156378904664,1,0,0.675261158879126,1.04422214398356,0.39423715209147,-0.110944155444136
"canker_ripe_orange",10,15,5000,5000,0.05,0.15,0.819229533469529,0.969229533469529,0.924951011494222,1,0.0762,0.00375216097735692,1,0,0.716611370662662,0.972406718358882,0.237488915987152,0.0196049196893462
"canker_ripe_orange",15,15,5000,5000,0.05,0.15,0.819229533469529,0.969229533469529,0.924951011494222,1,0.0636,0.0034512328232097,1,0,0.736521892976743,0.947569704893816,0.210049545217707,0.0211234653671291
"canker_ripe_orange",20,15,5000,5000,0.05,0.15,0.819229533469529,0.969229533469529,0.924951011494222,1,0.0546,0.00321306209090332,1,0,0.749676698290009,0.92982641659937,0.148515189755402,-0.0226451107371335
"coffee_leaf_rust",3,21,5000,4988,0.05,0.15,0.849940029697019,0.999940029697019,3.95145238929513,0.999999620540064,0.0821972734562951,0.00388901980950447,1,0,-0.250463309085398,0.595693702716153,-0.315384296338895,-0.200766438704539
"coffee_leaf_rust",5,21,5000,5000,0.05,0.15,0.849940029697019,0.999940029697019,3.95145238929513,1,0.0926,0.00409939605307904,1,0,-0.158781544060416,0.534822918029022,-0.265811238030499,-0.162294995854229
"coffee_leaf_rust",10,21,5000,5000,0.05,0.15,0.849940029697019,0.999940029697019,3.95145238929513,1,0.0652,0.00349138826256834,1,0,-0.0434892347267218,0.440674203020248,-0.214959580916763,-0.0848574473636754
"coffee_leaf_rust",20,21,5000,5000,0.05,0.15,0.849940029697019,0.999940029697019,3.95145238929513,1,0.0518,0.0031342227106573,1,0,0.0326725051530263,0.377140782210709,-0.117094884861775,-0.108510163263821
"coffee_leaf_rust",21,21,5000,5000,0.05,0.15,0.849940029697019,0.999940029697019,3.95145238929513,1,0.0604,0.00336903072114221,1,0,0.0333363830028768,0.372284488138118,-0.168489001447791,-0.0491804671297871
"pecan_scab",5,23,5000,5000,0.05,0.15,0.78727930005409,0.93727930005409,0.650939274099906,0.744407179675093,0.0448,0.00292550713552369,0.7372,0.00622472746391358,-0.137800956546727,0.582931101902481,-0.00452229117731631,-0.0244958464719685
"pecan_scab",6,23,5000,5000,0.05,0.15,0.78727930005409,0.93727930005409,0.650939274099906,0.860885965075464,0.048,0.00302311098043059,0.8562,0.00496228898795707,-0.111616091129375,0.549495445794966,-0.0106230046282252,-0.133532216237621
"pecan_scab",10,23,5000,5000,0.05,0.15,0.78727930005409,0.93727930005409,0.650939274099906,0.992051273681727,0.0468,0.00298696367570816,0.9956,0.000936017093861,-0.0310174890775908,0.481557006529393,0.000517686357710389,-0.0624508185916195
"pecan_scab",20,23,5000,5000,0.05,0.15,0.78727930005409,0.93727930005409,0.650939274099906,0.999998365136024,0.0548,0.00321860093829602,1,0,0.0414892770797675,0.406112263492837,0.0125890491326673,-0.0357856925298869
"pecan_scab",23,23,5000,5000,0.05,0.15,0.78727930005409,0.93727930005409,0.650939274099906,0.999999894164693,0.049,0.00305283474822991,1,0,0.0557702875882202,0.389825509833821,0.0130018107379045,-0.0809868403067258
"soybean_rust",5,40,5000,5000,0.05,0.15,0.804297987746911,0.954297987746911,0.767155140839838,0.747928520974274,0.0542,0.00320194815698193,0.6852,0.0065681193655414,0.0393888493324373,0.86672166436564,-0.146609307475317,-0.285429647259076
"soybean_rust",6,40,5000,5000,0.05,0.15,0.804297987746911,0.954297987746911,0.767155140839838,0.863748583400413,0.0682,0.00356507391227728,0.8304,0.00530727500700689,0.0716321747723898,0.843695627230378,-0.17358658044364,-0.0816248289202752
"soybean_rust",10,40,5000,5000,0.05,0.15,0.804297987746911,0.954297987746911,0.767155140839838,0.992459320914735,0.0584,0.00331630637909105,0.994,0.00109215383531808,0.164122832469107,0.760317610048228,-0.165917266555827,-0.122843467016164
"soybean_rust",20,40,5000,5000,0.05,0.15,0.804297987746911,0.954297987746911,0.767155140839838,0.999998582607992,0.051,0.00311123769583746,1,0,0.252907565501405,0.684949157123147,-0.0819554703190445,0.0137395395890758
"soybean_rust",40,40,5000,5000,0.05,0.15,0.804297987746911,0.954297987746911,0.767155140839838,0.999999999999994,0.0468,0.00298696367570816,1,0,0.318533031571043,0.617719960969988,-0.0409082581911149,-0.0594203328762384
"tan_spot_wheat",3,38,5000,4999,0.05,0.15,0.837151593639496,0.987151593639496,1.30904294444295,0.80135359146604,0.0532106421284257,0.00317456603529423,0.808961792358472,0.00556009937982684,-0.186461567939688,0.70339633296688,0.050780596452519,-0.210379506402169
"tan_spot_wheat",5,38,5000,5000,0.05,0.15,0.837151593639496,0.987151593639496,1.30904294444295,0.999373606867504,0.0602,0.00336380617753164,1,0,-0.0784232722869166,0.606931487136251,0.114944501617761,-0.148165126892905
"tan_spot_wheat",10,38,5000,5000,0.05,0.15,0.837151593639496,0.987151593639496,1.30904294444295,0.999999999998924,0.055,0.0032241277890307,1,0,0.00505626271685296,0.499348600842189,0.0148044086527887,-0.069984618576159
"tan_spot_wheat",20,38,5000,5000,0.05,0.15,0.837151593639496,0.987151593639496,1.30904294444295,1,0.0486,0.0030409879973456,1,0,0.0797840135485487,0.426472066804552,0.0493814108448272,0.00655415779769042
"tan_spot_wheat",38,38,5000,5000,0.05,0.15,0.837151593639496,0.987151593639496,1.30904294444295,1,0.0498,0.00307636018697421,1,0,0.122089676302423,0.375409488657937,0.0288156479495412,-0.0746160722270566
"xylella_tobacco",5,50,5000,5000,0.05,0.15,0.630361600240465,0.780361600240465,0.304278666101728,0.543729973557406,0.052,0.00313993630508646,0.5406,0.00704771792852126,-0.00671928451570385,0.429180300150473,0.154757036648558,-0.0817900820476178
"xylella_tobacco",8,50,5000,5000,0.05,0.15,0.630361600240465,0.780361600240465,0.304278666101728,0.84035481346011,0.0586,0.00332162731202644,0.8718,0.00472789086168452,0.0326492095236754,0.381315290030302,0.165114894917411,-0.0267948945737921
"xylella_tobacco",10,50,5000,5000,0.05,0.15,0.630361600240465,0.780361600240465,0.304278666101728,0.928617772860325,0.0522,0.00314563697841947,0.9536,0.00297479545515318,0.049606228931115,0.354556937819541,0.0845982240285287,-0.0355651720818981
"xylella_tobacco",20,50,5000,5000,0.05,0.15,0.630361600240465,0.780361600240465,0.304278666101728,0.999333164342384,0.0516,0.00312849612433834,0.9998,0.000199979998999889,0.0944937065021383,0.312087545031099,0.0599991100564491,-0.0673925730614608
"xylella_tobacco",50,50,5000,5000,0.05,0.15,0.630361600240465,0.780361600240465,0.304278666101728,0.999999999959149,0.0518,0.0031342227106573,1,0,0.132668138109158,0.272997541967223,0.0447954342201393,0.0704890578849295
"botrytis_gerbera",4,36,5000,5000,0.05,0.2,0.739965217459279,0.939965217459279,0.787348109256016,0.928863333415111,0.0416,0.00282380735886852,0.943,0.00327874976172321,-0.116834182657215,0.472424467808301,0.394531692412666,0.460623989618735
"botrytis_gerbera",5,36,5000,5000,0.05,0.2,0.739965217459279,0.939965217459279,0.787348109256016,0.990461555342632,0.0414,0.00281730509529941,0.9964,0.000846999409681028,-0.0845394544237408,0.426902930091392,0.3299254023755,0.252289196594968
"botrytis_gerbera",10,36,5000,5000,0.05,0.2,0.739965217459279,0.939965217459279,0.787348109256016,0.999999969135407,0.05,0.00308220700148449,1,0,-0.0155956047853823,0.34276407434751,0.216781289231577,0.18819608382273
"botrytis_gerbera",20,36,5000,5000,0.05,0.2,0.739965217459279,0.939965217459279,0.787348109256016,1,0.055,0.0032241277890307,1,0,0.0314176066359641,0.28906751601522,0.192326164778821,0.0259362314655758
"botrytis_gerbera",36,36,5000,5000,0.05,0.2,0.739965217459279,0.939965217459279,0.787348109256016,1,0.0506,0.00309966578843591,1,0,0.0609704372242755,0.250515398616908,0.0815554952186339,-0.0359735898242541
"brown_spot",5,40,5000,5000,0.05,0.2,0.533100225835381,0.733100225835381,0.340930637078796,0.506689980336993,0.0496,0.00307049963361014,0.5648,0.0070114329491196,0.437376425139895,0.948224068958875,-0.0853190446015915,0.116175620489804
"brown_spot",8,40,5000,5000,0.05,0.2,0.533100225835381,0.733100225835381,0.340930637078796,0.804929314633687,0.0512,0.0031170036894428,0.7896,0.00576423177882361,0.472704675758539,0.894048243013437,-0.0877532821308703,0.206612503152488
"brown_spot",10,40,5000,5000,0.05,0.2,0.533100225835381,0.733100225835381,0.340930637078796,0.904275610138788,0.0488,0.00304691844328003,0.8692,0.00476846642013971,0.507998258080755,0.873060978359296,-0.121731783422989,0.148093228877948
"brown_spot",20,40,5000,5000,0.05,0.2,0.533100225835381,0.733100225835381,0.340930637078796,0.998491875615742,0.0482,0.00302908435009658,0.9978,0.000662594898863548,0.558820174846614,0.816180809380227,-0.0659052282924783,-0.088809323754115
"brown_spot",40,40,5000,5000,0.05,0.2,0.533100225835381,0.733100225835381,0.340930637078796,0.999999905182475,0.0464,0.00297479545515318,1,0,0.602763334822932,0.780546451379625,-0.0680560667771602,-0.0654278404044777
"pecan_scab",3,23,5000,4993,0.05,0.2,0.78727930005409,0.98727930005409,1.46141072585712,0.843580878303145,0.0424594432205087,0.00285354649498151,0.834768676146605,0.00525591678205789,-0.242529896208317,0.71114643040657,-0.0205364802295249,-0.115489994578737
"pecan_scab",5,23,5000,5000,0.05,0.2,0.78727930005409,0.98727930005409,1.46141072585712,0.999825024808618,0.0452,0.00293792307591605,1,0,-0.134946435700784,0.588462051132198,0.0271802121825162,-0.0910080940986506
"pecan_scab",10,23,5000,5000,0.05,0.2,0.78727930005409,0.98727930005409,1.46141072585712,0.999999999999991,0.052,0.00313993630508646,1,0,-0.0354821730240291,0.481684885861084,0.0207304247911088,0.0450416476515421
"pecan_scab",20,23,5000,5000,0.05,0.2,0.78727930005409,0.98727930005409,1.46141072585712,1,0.0514,0.00312275647465504,1,0,0.0388958698164641,0.405622433640324,-0.00164252337989853,-0.0468747632327724
"pecan_scab",23,23,5000,5000,0.05,0.2,0.78727930005409,0.98727930005409,1.46141072585712,1,0.0514,0.00312275647465504,1,0,0.053334045001924,0.399190260374646,0.0824623388064221,0.0325338283148309
"xylella_tobacco",5,50,5000,5000,0.05,0.2,0.630361600240465,0.830361600240465,0.447283915328569,0.84555242339727,0.0526,0.00315699984162179,0.875,0.00467707173346743,-0.0125977974177449,0.423443428733234,0.133102245487585,0.0977585253160806
"xylella_tobacco",10,50,5000,5000,0.05,0.2,0.630361600240465,0.830361600240465,0.447283915328569,0.998827739065941,0.051,0.00311123769583746,1,0,0.0501416172680876,0.362002114832755,0.104676187545304,0.045016040829438
"xylella_tobacco",20,50,5000,5000,0.05,0.2,0.630361600240465,0.830361600240465,0.447283915328569,0.999999990533826,0.0476,0.00301112072159188,1,0,0.0967104883531907,0.313671852866213,0.0713610485781991,-0.0229276358569876
"xylella_tobacco",50,50,5000,5000,0.05,0.2,0.630361600240465,0.830361600240465,0.447283915328569,1,0.055,0.0032241277890307,1,0,0.134163578160218,0.274367621129518,0.0815676523622589,0.125742112472083
