"disease","study","mu","sd","n_pairs","baseline_ccc","sd_diff_z","delta_ccc","target_ccc","delta_z","k_min_cv","k_power","k_final","power_status"
"Pecan brown spot","alternaria_pecan",0.926399315610867,0.0588306276741386,34,0.926399315610867,0.308845356482561,0.05,0.976399315610867,0.581501327075615,2,5,5,"feasible"
"Gerbera botrytis blight","botrytis_gerbera",0.739965217459279,0.224197188925378,36,0.739965217459279,0.294899760145174,0.05,0.789965217459279,0.120936658969211,10,49,49,"feasible"
"Rice brown spot","brown_spot",0.533100225835381,0.207989020608303,40,0.533100225835381,0.293020605646068,0.05,0.583100225835381,0.0726809456057382,16,130,130,"feasible"
"Citrus canker","canker_ripe_orange",0.819229533469529,0.0472243627442619,15,0.819229533469529,0.210631432636468,0.05,0.869229533469529,0.175448858440412,2,14,14,"feasible"
"Coffee leaf rust","coffee_leaf_rust",0.849940029697019,0.0806529146762988,21,0.849940029697019,0.393691312494836,0.05,0.899940029697019,0.215967203560389,2,29,29,"feasible"
"Pecan fruit scab","pecan_scab",0.765648707177391,0.179371962239716,23,0.78727930005409,0.416112959419493,0.05,0.83727930005409,0.147768060087099,6,65,65,"feasible"
"Soybean rust","soybean_rust",0.804297987746911,0.086842784149293,40,0.804297987746911,0.48822540776582,0.05,0.854297987746911,0.161182112068115,2,74,74,"feasible"
"Wheat tan spot","tan_spot_wheat",0.837151593639496,0.114310294938675,38,0.837151593639496,0.400178359030159,0.05,0.887151593639496,0.196813319027122,2,35,35,"feasible"
"Tobacco-Xylella","xylella_tobacco",0.630361600240465,0.151959824615205,50,0.630361600240465,0.24919188249701,0.05,0.680361600240465,0.0877710256765393,6,66,66,"feasible"
"Pecan brown spot","alternaria_pecan",0.926399315610867,0.0588306276741386,34,0.926399315610867,0.308845356482561,0.1,1.02639931561087,NA,2,NA,NA,"infeasible_target_at_or_above_1"
"Gerbera botrytis blight","botrytis_gerbera",0.739965217459279,0.224197188925378,36,0.739965217459279,0.294899760145174,0.1,0.839965217459279,0.270652881705052,10,12,12,"feasible"
"Rice brown spot","brown_spot",0.533100225835381,0.207989020608303,40,0.533100225835381,0.293020605646068,0.1,0.633100225835381,0.152107056596919,16,32,32,"feasible"
"Citrus canker","canker_ripe_orange",0.819229533469529,0.0472243627442619,15,0.819229533469529,0.210631432636468,0.1,0.919229533469529,0.429563721479021,2,5,5,"feasible"
"Coffee leaf rust","coffee_leaf_rust",0.849940029697019,0.0806529146762988,21,0.849940029697019,0.393691312494836,0.1,0.949940029697019,0.575229359679018,2,6,6,"feasible"
"Pecan fruit scab","pecan_scab",0.765648707177391,0.179371962239716,23,0.78727930005409,0.416112959419493,0.1,0.88727930005409,0.344754354467715,6,14,14,"feasible"
"Soybean rust","soybean_rust",0.804297987746911,0.086842784149293,40,0.804297987746911,0.48822540776582,0.1,0.904297987746911,0.38464783619228,2,15,15,"feasible"
"Wheat tan spot","tan_spot_wheat",0.837151593639496,0.114310294938675,38,0.837151593639496,0.400178359030159,0.1,0.937151593639496,0.502548242738112,2,8,8,"feasible"
"Tobacco-Xylella","xylella_tobacco",0.630361600240465,0.151959824615205,50,0.630361600240465,0.24919188249701,0.1,0.730361600240465,0.187486000940279,6,16,16,"feasible"
"Pecan brown spot","alternaria_pecan",0.926399315610867,0.0588306276741386,34,0.926399315610867,0.308845356482561,0.15,1.07639931561087,NA,2,NA,NA,"infeasible_target_at_or_above_1"
"Gerbera botrytis blight","botrytis_gerbera",0.739965217459279,0.224197188925378,36,0.739965217459279,0.294899760145174,0.15,0.889965217459279,0.471356091362833,10,6,10,"feasible"
"Rice brown spot","brown_spot",0.533100225835381,0.207989020608303,40,0.533100225835381,0.293020605646068,0.15,0.683100225835381,0.240437276457941,16,14,16,"feasible"
"Citrus canker","canker_ripe_orange",0.819229533469529,0.0472243627442619,15,0.819229533469529,0.210631432636468,0.15,0.969229533469529,0.924951011494222,2,3,3,"feasible"
"Coffee leaf rust","coffee_leaf_rust",0.849940029697019,0.0806529146762988,21,0.849940029697019,0.393691312494836,0.15,0.999940029697019,3.95145238929513,2,3,3,"feasible"
"Pecan fruit scab","pecan_scab",0.765648707177391,0.179371962239716,23,0.78727930005409,0.416112959419493,0.15,0.93727930005409,0.650939274099906,6,6,6,"feasible"
"Soybean rust","soybean_rust",0.804297987746911,0.086842784149293,40,0.804297987746911,0.48822540776582,0.15,0.954297987746911,0.767155140839838,2,6,6,"feasible"
"Wheat tan spot","tan_spot_wheat",0.837151593639496,0.114310294938675,38,0.837151593639496,0.400178359030159,0.15,0.987151593639496,1.30904294444295,2,3,3,"feasible"
"Tobacco-Xylella","xylella_tobacco",0.630361600240465,0.151959824615205,50,0.630361600240465,0.24919188249701,0.15,0.780361600240465,0.304278666101728,6,8,8,"feasible"
"Pecan brown spot","alternaria_pecan",0.926399315610867,0.0588306276741386,34,0.926399315610867,0.308845356482561,0.2,1.12639931561087,NA,2,NA,NA,"infeasible_target_at_or_above_1"
"Gerbera botrytis blight","botrytis_gerbera",0.739965217459279,0.224197188925378,36,0.739965217459279,0.294899760145174,0.2,0.939965217459279,0.787348109256016,10,4,10,"feasible"
"Rice brown spot","brown_spot",0.533100225835381,0.207989020608303,40,0.533100225835381,0.293020605646068,0.2,0.733100225835381,0.340930637078796,16,8,16,"feasible"
"Citrus canker","canker_ripe_orange",0.819229533469529,0.0472243627442619,15,0.819229533469529,0.210631432636468,0.2,1.01922953346953,NA,2,NA,NA,"infeasible_target_at_or_above_1"
"Coffee leaf rust","coffee_leaf_rust",0.849940029697019,0.0806529146762988,21,0.849940029697019,0.393691312494836,0.2,1.04994002969702,NA,2,NA,NA,"infeasible_target_at_or_above_1"
"Pecan fruit scab","pecan_scab",0.765648707177391,0.179371962239716,23,0.78727930005409,0.416112959419493,0.2,0.98727930005409,1.46141072585712,6,3,6,"feasible"
"Soybean rust","soybean_rust",0.804297987746911,0.086842784149293,40,0.804297987746911,0.48822540776582,0.2,1.00429798774691,NA,2,NA,NA,"infeasible_target_at_or_above_1"
"Wheat tan spot","tan_spot_wheat",0.837151593639496,0.114310294938675,38,0.837151593639496,0.400178359030159,0.2,1.0371515936395,NA,2,NA,NA,"infeasible_target_at_or_above_1"
"Tobacco-Xylella","xylella_tobacco",0.630361600240465,0.151959824615205,50,0.630361600240465,0.24919188249701,0.2,0.830361600240465,0.447283915328569,6,5,6,"feasible"
