"study","k_power","sd_diff_z","n_pairs","boundary_pairs_excluded","baseline_ccc","available_improvement","target_ccc","feasible","delta_z","effect_status","power_status","mu","sd","k_min_cv","delta_ccc","alpha","power_tgt","cv_target","k_final"
"alternaria_pecan",5,0.308845356482561,34,0,0.926399315610867,0.0736006843891333,0.976399315610867,TRUE,0.581501327075615,"feasible","feasible",0.926399315610867,0.0588306276741386,2,0.05,0.05,0.8,0.1,5
"botrytis_gerbera",49,0.294899760145174,36,0,0.739965217459279,0.260034782540721,0.789965217459279,TRUE,0.120936658969211,"feasible","feasible",0.739965217459279,0.224197188925378,10,0.05,0.05,0.8,0.1,49
"brown_spot",130,0.293020605646068,40,0,0.533100225835381,0.466899774164619,0.583100225835381,TRUE,0.0726809456057382,"feasible","feasible",0.533100225835381,0.207989020608303,16,0.05,0.05,0.8,0.1,130
"canker_ripe_orange",14,0.210631432636468,15,0,0.819229533469529,0.180770466530471,0.869229533469529,TRUE,0.175448858440412,"feasible","feasible",0.819229533469529,0.0472243627442619,2,0.05,0.05,0.8,0.1,14
"coffee_leaf_rust",29,0.393691312494836,21,0,0.849940029697019,0.150059970302981,0.899940029697019,TRUE,0.215967203560389,"feasible","feasible",0.849940029697019,0.0806529146762988,2,0.05,0.05,0.8,0.1,29
"pecan_scab",65,0.416112959419493,23,0,0.78727930005409,0.21272069994591,0.83727930005409,TRUE,0.147768060087099,"feasible","feasible",0.765648707177391,0.179371962239716,6,0.05,0.05,0.8,0.1,65
"soybean_rust",74,0.48822540776582,40,0,0.804297987746911,0.195702012253089,0.854297987746911,TRUE,0.161182112068115,"feasible","feasible",0.804297987746911,0.086842784149293,2,0.05,0.05,0.8,0.1,74
"tan_spot_wheat",35,0.400178359030159,38,0,0.837151593639496,0.162848406360504,0.887151593639496,TRUE,0.196813319027122,"feasible","feasible",0.837151593639496,0.114310294938675,2,0.05,0.05,0.8,0.1,35
"xylella_tobacco",66,0.24919188249701,50,0,0.630361600240465,0.369638399759535,0.680361600240465,TRUE,0.0877710256765393,"feasible","feasible",0.630361600240465,0.151959824615205,6,0.05,0.05,0.8,0.1,66
"alternaria_pecan",NA,0.308845356482561,34,0,0.926399315610867,0.0736006843891333,1.02639931561087,FALSE,NA,"infeasible_target_at_or_above_1","infeasible_target_at_or_above_1",0.926399315610867,0.0588306276741386,2,0.1,0.05,0.8,0.1,NA
"botrytis_gerbera",12,0.294899760145174,36,0,0.739965217459279,0.260034782540721,0.839965217459279,TRUE,0.270652881705052,"feasible","feasible",0.739965217459279,0.224197188925378,10,0.1,0.05,0.8,0.1,12
"brown_spot",32,0.293020605646068,40,0,0.533100225835381,0.466899774164619,0.633100225835381,TRUE,0.152107056596919,"feasible","feasible",0.533100225835381,0.207989020608303,16,0.1,0.05,0.8,0.1,32
"canker_ripe_orange",5,0.210631432636468,15,0,0.819229533469529,0.180770466530471,0.919229533469529,TRUE,0.429563721479021,"feasible","feasible",0.819229533469529,0.0472243627442619,2,0.1,0.05,0.8,0.1,5
"coffee_leaf_rust",6,0.393691312494836,21,0,0.849940029697019,0.150059970302981,0.949940029697019,TRUE,0.575229359679018,"feasible","feasible",0.849940029697019,0.0806529146762988,2,0.1,0.05,0.8,0.1,6
"pecan_scab",14,0.416112959419493,23,0,0.78727930005409,0.21272069994591,0.88727930005409,TRUE,0.344754354467715,"feasible","feasible",0.765648707177391,0.179371962239716,6,0.1,0.05,0.8,0.1,14
"soybean_rust",15,0.48822540776582,40,0,0.804297987746911,0.195702012253089,0.904297987746911,TRUE,0.38464783619228,"feasible","feasible",0.804297987746911,0.086842784149293,2,0.1,0.05,0.8,0.1,15
"tan_spot_wheat",8,0.400178359030159,38,0,0.837151593639496,0.162848406360504,0.937151593639496,TRUE,0.502548242738112,"feasible","feasible",0.837151593639496,0.114310294938675,2,0.1,0.05,0.8,0.1,8
"xylella_tobacco",16,0.24919188249701,50,0,0.630361600240465,0.369638399759535,0.730361600240465,TRUE,0.187486000940279,"feasible","feasible",0.630361600240465,0.151959824615205,6,0.1,0.05,0.8,0.1,16
"alternaria_pecan",NA,0.308845356482561,34,0,0.926399315610867,0.0736006843891333,1.07639931561087,FALSE,NA,"infeasible_target_at_or_above_1","infeasible_target_at_or_above_1",0.926399315610867,0.0588306276741386,2,0.15,0.05,0.8,0.1,NA
"botrytis_gerbera",6,0.294899760145174,36,0,0.739965217459279,0.260034782540721,0.889965217459279,TRUE,0.471356091362833,"feasible","feasible",0.739965217459279,0.224197188925378,10,0.15,0.05,0.8,0.1,10
"brown_spot",14,0.293020605646068,40,0,0.533100225835381,0.466899774164619,0.683100225835381,TRUE,0.240437276457941,"feasible","feasible",0.533100225835381,0.207989020608303,16,0.15,0.05,0.8,0.1,16
"canker_ripe_orange",3,0.210631432636468,15,0,0.819229533469529,0.180770466530471,0.969229533469529,TRUE,0.924951011494222,"feasible","feasible",0.819229533469529,0.0472243627442619,2,0.15,0.05,0.8,0.1,3
"coffee_leaf_rust",3,0.393691312494836,21,0,0.849940029697019,0.150059970302981,0.999940029697019,TRUE,3.95145238929513,"feasible","feasible",0.849940029697019,0.0806529146762988,2,0.15,0.05,0.8,0.1,3
"pecan_scab",6,0.416112959419493,23,0,0.78727930005409,0.21272069994591,0.93727930005409,TRUE,0.650939274099906,"feasible","feasible",0.765648707177391,0.179371962239716,6,0.15,0.05,0.8,0.1,6
"soybean_rust",6,0.48822540776582,40,0,0.804297987746911,0.195702012253089,0.954297987746911,TRUE,0.767155140839838,"feasible","feasible",0.804297987746911,0.086842784149293,2,0.15,0.05,0.8,0.1,6
"tan_spot_wheat",3,0.400178359030159,38,0,0.837151593639496,0.162848406360504,0.987151593639496,TRUE,1.30904294444295,"feasible","feasible",0.837151593639496,0.114310294938675,2,0.15,0.05,0.8,0.1,3
"xylella_tobacco",8,0.24919188249701,50,0,0.630361600240465,0.369638399759535,0.780361600240465,TRUE,0.304278666101728,"feasible","feasible",0.630361600240465,0.151959824615205,6,0.15,0.05,0.8,0.1,8
"alternaria_pecan",NA,0.308845356482561,34,0,0.926399315610867,0.0736006843891333,1.12639931561087,FALSE,NA,"infeasible_target_at_or_above_1","infeasible_target_at_or_above_1",0.926399315610867,0.0588306276741386,2,0.2,0.05,0.8,0.1,NA
"botrytis_gerbera",4,0.294899760145174,36,0,0.739965217459279,0.260034782540721,0.939965217459279,TRUE,0.787348109256016,"feasible","feasible",0.739965217459279,0.224197188925378,10,0.2,0.05,0.8,0.1,10
"brown_spot",8,0.293020605646068,40,0,0.533100225835381,0.466899774164619,0.733100225835381,TRUE,0.340930637078796,"feasible","feasible",0.533100225835381,0.207989020608303,16,0.2,0.05,0.8,0.1,16
"canker_ripe_orange",NA,0.210631432636468,15,0,0.819229533469529,0.180770466530471,1.01922953346953,FALSE,NA,"infeasible_target_at_or_above_1","infeasible_target_at_or_above_1",0.819229533469529,0.0472243627442619,2,0.2,0.05,0.8,0.1,NA
"coffee_leaf_rust",NA,0.393691312494836,21,0,0.849940029697019,0.150059970302981,1.04994002969702,FALSE,NA,"infeasible_target_at_or_above_1","infeasible_target_at_or_above_1",0.849940029697019,0.0806529146762988,2,0.2,0.05,0.8,0.1,NA
"pecan_scab",3,0.416112959419493,23,0,0.78727930005409,0.21272069994591,0.98727930005409,TRUE,1.46141072585712,"feasible","feasible",0.765648707177391,0.179371962239716,6,0.2,0.05,0.8,0.1,6
"soybean_rust",NA,0.48822540776582,40,0,0.804297987746911,0.195702012253089,1.00429798774691,FALSE,NA,"infeasible_target_at_or_above_1","infeasible_target_at_or_above_1",0.804297987746911,0.086842784149293,2,0.2,0.05,0.8,0.1,NA
"tan_spot_wheat",NA,0.400178359030159,38,0,0.837151593639496,0.162848406360504,1.0371515936395,FALSE,NA,"infeasible_target_at_or_above_1","infeasible_target_at_or_above_1",0.837151593639496,0.114310294938675,2,0.2,0.05,0.8,0.1,NA
"xylella_tobacco",5,0.24919188249701,50,0,0.630361600240465,0.369638399759535,0.830361600240465,TRUE,0.447283915328569,"feasible","feasible",0.630361600240465,0.151959824615205,6,0.2,0.05,0.8,0.1,6
