"study","k_power_delta_0.05","k_power_delta_0.1","k_power_delta_0.15","k_power_delta_0.2","k_final_delta_0.05","k_final_delta_0.1","k_final_delta_0.15","k_final_delta_0.2","power_status_delta_0.05","power_status_delta_0.1","power_status_delta_0.15","power_status_delta_0.2"
"alternaria_pecan",5,NA,NA,NA,5,NA,NA,NA,"feasible","infeasible_target_at_or_above_1","infeasible_target_at_or_above_1","infeasible_target_at_or_above_1"
"botrytis_gerbera",49,12,6,4,49,12,10,10,"feasible","feasible","feasible","feasible"
"brown_spot",130,32,14,8,130,32,16,16,"feasible","feasible","feasible","feasible"
"canker_ripe_orange",14,5,3,NA,14,5,3,NA,"feasible","feasible","feasible","infeasible_target_at_or_above_1"
"coffee_leaf_rust",29,6,3,NA,29,6,3,NA,"feasible","feasible","feasible","infeasible_target_at_or_above_1"
"pecan_scab",65,14,6,3,65,14,6,6,"feasible","feasible","feasible","feasible"
"soybean_rust",74,15,6,NA,74,15,6,NA,"feasible","feasible","feasible","infeasible_target_at_or_above_1"
"tan_spot_wheat",35,8,3,NA,35,8,3,NA,"feasible","feasible","feasible","infeasible_target_at_or_above_1"
"xylella_tobacco",66,16,8,5,66,16,8,6,"feasible","feasible","feasible","feasible"
