"study","mu","sd","k_min_cv","k_power","sd_diff_z","n_pairs","boundary_pairs_excluded","baseline_ccc","available_improvement","target_ccc","feasible","delta_z","effect_status","power_status","k_final","cv_target","alpha","power_tgt","delta_ccc"
"alternaria_pecan",0.926399315610867,0.0588306276741386,2,NA,0.308845356482561,34,0,0.926399315610867,0.0736006843891333,1.02639931561087,FALSE,NA,"infeasible_target_at_or_above_1","infeasible_target_at_or_above_1",NA,0.1,0.05,0.8,0.1
"botrytis_gerbera",0.739965217459279,0.224197188925378,10,12,0.294899760145174,36,0,0.739965217459279,0.260034782540721,0.839965217459279,TRUE,0.270652881705052,"feasible","feasible",12,0.1,0.05,0.8,0.1
"brown_spot",0.533100225835381,0.207989020608303,16,32,0.293020605646068,40,0,0.533100225835381,0.466899774164619,0.633100225835381,TRUE,0.152107056596919,"feasible","feasible",32,0.1,0.05,0.8,0.1
"canker_ripe_orange",0.819229533469529,0.0472243627442619,2,5,0.210631432636468,15,0,0.819229533469529,0.180770466530471,0.919229533469529,TRUE,0.429563721479021,"feasible","feasible",5,0.1,0.05,0.8,0.1
"coffee_leaf_rust",0.849940029697019,0.0806529146762988,2,6,0.393691312494836,21,0,0.849940029697019,0.150059970302981,0.949940029697019,TRUE,0.575229359679018,"feasible","feasible",6,0.1,0.05,0.8,0.1
"pecan_scab",0.765648707177391,0.179371962239716,6,14,0.416112959419493,23,0,0.78727930005409,0.21272069994591,0.88727930005409,TRUE,0.344754354467715,"feasible","feasible",14,0.1,0.05,0.8,0.1
"soybean_rust",0.804297987746911,0.086842784149293,2,15,0.48822540776582,40,0,0.804297987746911,0.195702012253089,0.904297987746911,TRUE,0.38464783619228,"feasible","feasible",15,0.1,0.05,0.8,0.1
"tan_spot_wheat",0.837151593639496,0.114310294938675,2,8,0.400178359030159,38,0,0.837151593639496,0.162848406360504,0.937151593639496,TRUE,0.502548242738112,"feasible","feasible",8,0.1,0.05,0.8,0.1
"xylella_tobacco",0.630361600240465,0.151959824615205,6,16,0.24919188249701,50,0,0.630361600240465,0.369638399759535,0.730361600240465,TRUE,0.187486000940279,"feasible","feasible",16,0.1,0.05,0.8,0.1
